Place_Id;News_No;News;Link
428;7;"Suara.com - Surabaya dikenal memiliki julukan Kota Pahlawan. Sesuai namanya pula, kota ini memiliki sejarah panjang yang berhubungan dengan perjuangan para pahlawan. Tidak heran, aneka jenis monumen bersejarah pun bisa ditemukan menghiasi kota Surabaya. Bukan cuma untuk mempercantik kota, monumen-monumen ini juga berfungsi sebagai pengingat. Setiap harinya, banyak wisatawan berkunjung ke monumen-monumen ini. Selain untuk melihatnya secara langsung, wisatawan juga tak lupa berfoto untuk mengabadikan momen mereka di Kota Pahlawan. Namun, sudahkah Anda tahu bagaimana kisah maupun sejarah di balik deretan monumen terkenal di Surabaya? 
Baca Juga:
Kalau ke Surabaya, Antre Nasi Babat Madura Super Enak di Sini...
 Dirangkum dari berbagai sumber, yuk kenalan lebih dekat dengan 5 monumen bersejarah di Surabaya. 1. Tugu Pahlawan Tugu Pahlawan merupakan salah satu monumen bersejarah sekaligus ikon dari Kota Surabaya. Monumen ini memiliki tinggi 41 meter (45 yard), 10 lengkungan, dan 11 ruas pada tubuhnya. Ya, angka-angka tersebut bukan asal dipilih. Alih-alih, Tugu Pahlawan melambangkan tanggal 10 November 1945 (10/11/1945) atau saat peristiwa Pertempuran 10 November terjadi. Monumen ini sendiri diresmikan pada tahun 1952 oleh Presiden Soekarno. Selain tugu yang berbentuk seperti paku terbalik, wisatawan juga dapat berkunjung ke bangunan menyerupai piramida yang ada dekat Tugu Pahlawan. Piramida itu sendiri adalah museum yang berisi sejarah Surabaya, termasuk suara Bung Tomo kala menyemangati pahlawan. 
Baca Juga:
Sejarah Viaduk Tugu Pahlawan, Lokasi Insiden Surabaya Membara
 2. Parasamya Purnakarya Nugraha Tak perlu jauh-jauh, ada monumen Parasamya Purnakarya Nugraha yang terletak tepat di seberang Tugu Pahlawan. Monumen ini merupakan penghargaan bagi kabupaten/kota atau provinsi yang berhasil di bidang pembangunan. Parasamya Purnakarya Nugraha diberikan kepada Jawa Timur, sementara monumennya didirikan di titik nol km kota Surabaya. Monumen ini sendiri memiliki wujud gabungan aneka kesenian khas Jawa Timur, seperti penari Remo, penari Gandrung, Reog, hingga karapan sapi. 3. Patung Suro dan Boyo Patung yang merupakan simbol kota Surabaya ini pasti sudah tidak asing bagi travelers. Pasalnya, patung ini menggambarkan asal nama kota Surabaya, yaitu Suro dan Boyo. Kata ""suro"" atau sura sendiri berarti ikan hiu, sementara ""boyo"" adalah buaya. Konon, hal ini berkaitan dengan kisah pertarungan antara Adipati Jayengrono dan Sawunggaling. Monumen ini sendiri menjadi salah satu yang paling ikonik, dan senantiasa dicari wisatawan saat berkunjung ke Kota Pahlawan. 4. Monumen Bambu Runcing Layaknya Tugu Pahlawan, monumen Bambu Runcing di Jalan Panglima Sudirman merupakan bentuk apresiasi atas perjuangan arek-arek Surabaya melawan sekutu pada 10 November 1945. Bambu Runcing ini menggambarkan senjata yang dipakai para pahlawan dalam menghadapi penjajah waktu itu. Di sini, ada 5 bambu runcing dengan ketinggian berbeda yang dapat memancarkan air mancur. 5. Monumen Jalesveva Jayamahe Terakhir, ada monumen Jalesveva Jayamahe. Nama monumen ini berarti ""Di Laut Kita Berjaya"", yang mana merupakan motto dari TNI AL Indonesia. Monumen ini memiliki bentuk perwira TNI AL dengan tinggi 30,6 meter yang sedang menatap lautan. Sementara, gedung di bawah monumen tersebut berfungsi sebagai museum TNI AL. Baby Moana pakai hijab, warganet sanjung mirip boneka hidup. Momen Prilly Latuconsina berdandan ala anak 80an malah bikin publik pangling. Gaya Amanda Manopo pakai jaket kulit seharga Rp52 jutaan. Mesin cuci otomatis itu memiliki proses keramas yang tak biasa. Berani coba? Bagaimana tidak, Kaesang Pangarep tiba-tiba saja mengunggah foto masa lalu Jokow Sebelumnya, Raja Charles memberi tahu para simpatisan bahwa dirinya sangat mengh Pakai adat sunda atau jawa atau malah keduanya? Pasangan ini berhaisl membuat mawar berdiameter 3 meter untuk prosesi sangjit me Saking tak tahan dengan baunya, lelaki ini bahkan memilih untuk tidur di sofa. Pakai adat sunda atau jawa atau malah keduanya? Pasangan ini berhaisl membuat mawar berdiameter 3 meter untuk prosesi sangjit me Saking tak tahan dengan baunya, lelaki ini bahkan memilih untuk tidur di sofa. Sederet cara mengendalikan nafsu makan berlebih bisa Anda coba untuk membantu me Apa saja yang harus disiapkan sebelum resign dari pekerjaan? Ketahui 6 poin pent Yakin masih ingin tinggal di kastil? Ikuti Kami Dapatkan informasi terkini dan terbaru yang dikirimkan langsung ke Inbox anda © 2022 suara.com - All Rights Reserved.";https://www.suara.com/lifestyle/2019/09/26/191913/mengenal-tugu-pahlawan-dan-4-monumen-bersejarah-di-surabaya?page=all
428;8;"TRIBUNNEWS.COM, SURABAYA - Tiga driver ojek online (ojol) di Surabaya dilarikan ke rumah sakit setelah digebuki massa diduga dari debt collector. Menurut keterangan saksi, driver ojol itu digebuki pakai kayu dan batu. Kejadian tersebut disampaikan oleh para saksi yang melihatnya secara langsung dan dibenarkan oleh Kapolsek Genteng, AKP Anggi Ibrahim Saputra. Tiga driver ojol tersebut dilarikan ke rumah sakit. Mereka juga melaporkan kejadian yang menimpanya ke polisi. Hal itu diakui Kanit Resmob Satreskrim Polrestabes Surabaya, Iptu Arief Rizky Wicaksana, Kamis (18/6/2020). Baca: Virus Corona Diduga Telah Muncul di Italia Sejak Desember 2019, Sebelum China Laporkan Kasus Pertama Baca: Sebelum Hilang, 10 Penumpang KM Puspita Jaya Coba Menyelamatkan Diri Berenang Menuju Pulau Rakata Menurut Arief, pihaknya memang menerima laporan terkait insiden di Bambu Runcing tersebut. ""Iya benar sudah ada yang melapor. Masih kami proses penyelidikan,"" kata Arief. Peristiwa berlangsung di sebuah kantor leasing di Jalan Taman Ais Nasution (depan monumen Bambu Runcing Surabaya) pada Kamis (18/6/2020) siang. Kegaduhan itu mulanya disebabkan dari percekcokan antara debitur yang merupakan driver ojek online dengan sejumlah diduga debt collector. Bersitegang antara dua kubu tak cukup hanya dengan mulut. Salah satu kubu dianggap menyerang lebih dulu hingga menyulut emosi kubu lainnya. David Walalangi, humas Bambu Runcing menuturkan saat itu lima orang debitur yang kebetulan merupakan driver ojek online mendatangi kantor leasing untuk menanyakan pengajuan proses relaksasi kredit selama masa pandemi Covid-19. Setelah itu, mereka dijanjikan oleh pihak leasing tersebut akan diproses dan disampaikan ke pusat. Baca: Wakil Ketua MPR RI Minta Evaluasi Penanganan dan Pengendalian Penyebaran Covid-19 Ditingkatkan Baca: Foto-foto Pernikahan Angelica Simperler dan Rico Hidros Mantan Suami Almarhumah Saphira Indah ""Entah apa pemicunya, tiba-tiba saat teman-teman ini bertanya, ada sekelompok debt collector ini juga ikut maju. Sehingga terjadi cekcok dan berujung ke penyerangan terhadap teman-teman driver online,"" kata David. David menyayangkan jika sampai saat ini masih ada debt collector yang nekat beroperasi di tengah pandemi. Padahal, menurut David, seharusnya debt collector tidak ada sesuai dengan kebijakan Presiden saat diutarakan pada 3 Maret lalu. ""Yang kami sayangkan, kenapa ada debt collector ini. Harusnya kan sudah tidak ada sesuai perintah Pak Presiden,"" tambahnya. Akibat peristiwa tersebut tiga driver ojek online dirawat di Rumah Sakit Adi Husada Surabaya. ""Bisa lihat sendiri, ada yang bawa kayu. Batu. Teman kami driver ojek online alami luka dan dirawat di RS Adi Husada Surabaya,"" tandasnya. Kapolsek Genteng AKP Anggi Ibrahim Saputra membenarkan peristiwa tersebut. Menurutnya, insiden itu dipicu kesalahpahaman antara dua kubu yang tidak terlibat secara langsung dengan kepentingan relaksasi kredit. Baca: Dirundung Kesedihan, Soimah Bagikan Kabar Duka dari Orang Terpenting dalam Hidupnya Baca: Muzdalifah Genap Berusia 42 Tahun, Fadel Islami Berdoa Agar Diberi Momongan ""Kan ada lima debitur menanyakan program relaksasi. Kebetulan itu driver ojek online. Awalnya pengajuan itu tidak ada kata sepakat antara kreditur dan debitur. Sehingga diminta untuk kembali lagi nantinya akan diproses pengajuan ke pusat lagi. Sudah clear. Tetapi di luar ternyata sudah banyak massa debt collector sehingga terjadi adu mulut,"" kata Anggi saat dikonfirmasi. Mmassa kedua kubu yang terlibat kerusuhan itu bahkan tak mengerti persoalannya. ""Sebenarnya yang memiliki masalah kredit sudah selesai. Bahkan, saya kumpulkan lagi dan benar sudah selesai sementara massa di luar ini tidak tahu masalahnya. Ricuh sendiri bahkan ada yang saling kejar, mukul dan ada yang merekam,"" kata Anggi. Artikel ini telah tayang di surya.co.id dengan judul 3 Driver Ojol di Surabaya Digebuki Pakai Kayu dan Batu oleh Debt Collector Berujung ke Rumah Sakit";https://www.tribunnews.com/regional/2020/06/20/kasus-pemukulan-3-driver-ojol-oleh-debt-collector-di-surabaya-dilaporkan-ke-polisi?page=all
428;9;liputan6 08 Sep 2019, 08:00 WIBDiperbarui 08 Sep 2019, 08:00 WIB Liputan6.com, Jakarta - Untuk melengkapi hari libur Anda yang mau jalan-jalan, tentu harus menyiapkan segala hal. Dimulai dari dana, transportasi, hingga tempat penginapan jika ingin pergi ke luar kota.  Lokasi penginapan mestinya juga harus dipilih. Misalkan kalau mau ke  wisata yang ada di Surabaya, Jawa Timur sehingga pilih penginapan dekat tempat wisata. Pemilihan tempat penginapan itu juga disesuaikan dengan dana atau dengan jarak tempat wisata mana saja yang ingin didatangi. Sebagai kota metropolitan kedua di negara ini, Surabaya mempunyai tempat penginapan yang juga beragam. Ada yang dibanderol dengan tarif mahal, dan  bertarif lebih murah. Akan tetapi, yang murah juga kualitasnya masih baik. Berikut ini, Liputan6.com menelusuri dari berbagai sumber mengenai hotel murah meriah yang ada di Surabaya: 1. Hotel Loxy Inn Hotel ini terdiri dari 2 lantai dengan total kamar 18 pintu. Letaknya tidak terlalu jauh dari pusat Kota Surabaya, tepatnya ada di Jalan Embong Wungu No.5, Genteng, Surabaya. Hotel Loxy Inn menyediakan layanan kamar 24 jam, wifi, tempat parkir mobil, kamar mandi di dalam kamar, dan penyimpanan barang.  Baca Juga  Tempat lainnya yang dekat dengan area hotel ini adalah ATM, Tunjungan Plaza, Surabaya Plaza, Monumen Bambu Runcing, Gedung Balai Pemuda, Museum Kanker Indonesia, Monumen Gubernur Suryo, dan Jembatan Merah Plaza. 2. Hotel Istana Permata Ngagel Hotel yang berada di Jalan Ngagel Jaya Indah No.4, Gubeng, Surabaya ini memiliki jumlah kamar sebanyak 100 kamar yang terdiri dari 3 lantai. Lebih lanjut, hotel tersebut menawarkan sejumlah fasilitas seperti restoran, kolam renang outdoor, layanan laundry, fasilitas difabel dalam kamar, lift, dan penitipan bagasi. Untuk yang di dalam kamar itu ada air conditioner, kipas langit-langit, televisi LCD, telepon, dan tempat tidur yang premium. Letak hotel Istana Permata Ngagel juga cukup strategis, karena disekitarnya terdapat tempat wisata yang bisa dikunjungi di antaranya Kebun Binatang Surabaya, Museum Mpu Tantular, Monumen Kapal Selam, pusat perbelanjaan Surabaya Town Square, dan Royal Plaza Surabaya.   Kulit kentang dan roti dapat dijadikan santapan lezat untuk dimakan. Bagaimana caranya? Yuk, simak video ini. * Fakta atau Hoaks? Untuk mengetahui kebenaran informasi yang beredar, silakan WhatsApp ke nomor Cek Fakta Liputan6.com 0811 9787 670 hanya dengan ketik kata kunci yang diinginkan. 4. Ikiru to Live Hotel Hotel ini memiliki 10 kamar yang dirancang dengan sedemikian rupa oleh pengelolanya. Ikiru to Live Hotel berlokasi di Jalan Ngagel Jaya Selatan III No.3, Pucang Sewu, Surabaya. Fasilitas property yang diberikan antara lain wifi, ruang permainan, layanan kamar, dapur bersama, laundry, perpustakaan, layanan kebersihan seharian, property bebas asap rokok dan resepsionis 24 jam. Berbagai destinasi yang bisa para tamu hotel kunjungi yaitu Taman Bungkul, Plaza Tunjungan, Surabaya Town Square, Tugu Pahlawan, Stasiun Wonokromo, dan Stasiun Surabaya Gubeng. 5. Hotel Paprica 1 Merupakan hotel yang menyiapkan akomodasi berupa wifi di semua tempat hotel dan juga wifi di kamar, layanan kamar 24 jam, tempat parkir, ruang keluarga, air conditioner, laundry, ruang keluarga, area merokok, dan TV layar datar. Selanjutnya, hotel dengan jumlah 3 lantai ini memiliki total 20 kamar dan berada di Jalan Kalibokor Selatan No.76, Surabaya. Objek wisata terdekatnya ada Central Point Mall, Pasar Keputran, Marvell City, Mirota Batik & Handycraft, Surabaya Town Square, dan Taman Bungkul. Sudah tahu mau menginap di hotel mana di Surabaya? (Wiwin Fitriyani, mahasiswi Universitas Tarumanagara) * BACA BERITA TERKINI LAINNYA DI GOOGLE NEWS Advertisement Advertisement Advertisement Advertisement;https://surabaya.liputan6.com/read/4056828/ini-hotel-dengan-tarif-terjangkau-di-surabaya?page=all
429;10;Museum House Of Sampoerna buka mulai 09.00-18.00 WIB. Harga tiket masuk Museum House Of Sampoerna gratis. 2. Kebun Binatang Surabaya Baca juga: Tiket Pesawat Murah dari Surabaya ke Lombok, Harganya Mulai Rp 414 Ribuan Kebun Binatang Surabaya menjadi satu tempat wisata populer di Jawa Timur. Kebun Binatang Surabaya (KBS)  berdiri pada 31 Agustus 1916. Awalnya, Kebun Binatang Surabaya bernama Soerabiasche Planten-en Dierentuin atau yang dalam bahasa Indonesia artinya Kebun Botani dan Binatang. Berdirinya KBS tidak terlepas dari jasa seorang jurnalis yang hobi mengumpulkan binatang, yakni H.F.K. Kommer. Sayangnya pada 21 Juli 1922, KBS mengalami krisis dan hendak dibubarkan. Namun, banyak yang tidak setuju hingga pihak Kotamadya Surabaya mencegahnya. Setelah berbagai upaya dilakukan KBS bertahan hingga sekarang. Kebun Binatang Surabaya memiliki sekira 351 jenis satwa. Dengan luas sekira 15 hektar, KBS memiliki total satwa sekira 2.500, yang terdiri dari  reptil, pisces, aves dan mamalia. Selain beragam jenis satwa di Kebun Binatang Surabaya, kamu bisa mencoba wahananya. Di antaranya ada flying fox, wisata perahu, kereta onta, tunggang gajah, tunggang onta, kolam renang anak, trampoline dan masih banyak lagi. web7-superball;https://travel.tribunnews.com/2022/02/19/10-tempat-wisata-di-surabaya-untuk-liburan-akhir-pekan-jelajah-museum-house-of-sampoerna?page=2?page=all
429;11;"Laporan Wartawan Surya, Monica Felicitas TRIBUNNEWS.COM, SURABAYA - ""Saat ini kita sudah lupa cara surat menyurat karena kecanggihan teknologi. Apalagi sekarang lebih dipermudah lewat video call."" Kalimat itu meluncur ringan dari mulut Mela (23) yang tengah asyik menatap sepeda pancal di depan pintu House of Sampoerna (HOS), Surabaya, Jawa Timur, Jumat (1/4/2016). Mela larut pada masa lalunya, ketika tukang pos masih kerap menaiki sepeda pancal, pergi dari satu rumah ke rumah lain, mengirimkan surat berperangko entah dari kolega, teman, kerabat atau orang asing. Ya, sejak 29 Maret sampai 28 April 2016, HOS menghadirkan kembali kenangan indah ketika surat, perangko, tukang pos bersepeda, pernah berjaya dalam dunia komunikasi demikian lamanya. Bekerjasama dengan Filatelis Surabaya, HOS baik dari divisi musem, Surabaya Heritage Track (SHT), dan program baru bertajuk Klinong-klinong Nang Suroboyo, akan mengulas sejarah perkembangan surat menyurat dari masa ke masa. Di HOS, pengunjung dapat menyaksikan 20 koleksi surat dan benda-benda pos milik Kantor Pos Surabaya dan perkumpulan Filatelis Indonesia, Jawa Timur, yang mewakili setiap zamannya. Menyebut beberapa, koleksi surat tersebut di antaranya surat dari Surabaya ke Batavia sebelum menggunakan perangko bertahun 1864, surat dinas (1901), surat niaga (1937), bahkan surat cinta (1995). Selain surat ada juga kartu pos dan surat zaman kolonial Belanda dan Jepang. Sementara SHT bakal mengantar pengunjung menggunakan bus wisata HOS warna merah menuju Kantor Pos Simpang dan Kantor Pos Kebonrojo. Tur dimulai sejak pukul 15.00 WIB hingga 16.30 WIB. Khusus untuk mengenang sejarah pos, program Klinong-klinong Nang Suroboyo mengajak pengunjung menapaktilasi jejak pos di Surabaya ke kantor-kantor pos di antaranya Taman Jayengrono, bekas Kantor Pos dan Telegrap di Jalan Bibis, dan Kantor Pos Kebonrojo pada Minggu, tanggal 17 dan 24 April 2016. ""Cara ini bagus untuk memperkenalkan pada anak-anak,"" ujar mahasiswa sebuah universitas negeri ini.";https://www.tribunnews.com/regional/2016/04/01/memburu-surat-cinta-pertama-di-house-of-sampoerna-surabaya?page=all
429;12;"4 pilar bebentuk rokok yang bertengger di halaman depan House of Sampoerna © Pemilik Gambar Kalau Kudus punya Djarum dan Kediri punya Gudang Garam, maka Surabaya punya Sampoerna. Pabrik dari perusahaan penghasil rokok kretek ini berlokasi di Jalan Krembangan yang termasuk dalam kawasan kota tua. Tepat di depan pabrik terdapat museum rokok yang dikenal dengan nama House of Sampoerna. Ketika menjejakkan kaki di halaman depan House of Sampoerna pengunjung akan melihat 4 pilar besar. Jika diperhatikan dengan seksama keempat pilar tersebut sebenarnya berbentuk rokok. Begitu masuk ke dalam pengunjung seketika “disambut” oleh aroma tembakau yang cukup tajam. Ya, nama saja museum rokok. Wajar jika menonjolkan aroma tembakau sebagai daya tarik. Dari pintu masuk lantas belok kiri pengunjung dapat melihat replika warung yang dilengkapi dengan rantang makanan, wajan, tempeh, dan toples-toples yang di antaranya berisi kacang-kacangan dan permen. Warung ini dulunya merupakan milik Liem Seeng Tee, founding father Sampoerna dan istrinya, Siem Tjiang Nio. Tak jauh dari replika warung terdapat kumpulan tembakau yang ditampung dalam besek. Dipajang pula 2 sepeda tua yang dulunya dikendarai Liem kala merintis usahanya. Jika pengunjung ingin mengetahui seperti apa rupa Liem dan istrinya, pengunjung bisa melihatnya di bagian kanan ruangan. Di area tersebut memang terpampang foto Liem dan Siem dalam ukuran yang cukup besar. Ada pula foto-foto keluarga mereka berdua dari masa ke masa. Replika warung makanan milik pasutri Liem dan Sieng Masih di lantai 1, masuk ke ruangan selanjutnya para pengunjung diajak untuk melihat foto-foto jajaran direksi Sampoerna. Lalu di ruangan terakhir pengunjung kembali bisa melihat replika warung. Jika di ruangan sebelumnya replika yang dipamerkan ialah replika warung makan, maka di ruangan terakhir ini replikanya berupa warung rokok tempo dulu. Di ruangan ini pula terdapat pajangan-pajangan menarik lainnya, seperti replika dokar serta 1 set perlengkapan marching band. Dulunya tim marching band Sampoerna termasuk tim yang berjaya karena berhasil meraih penghargaan hingga kancah internasional. Namun, semenjak 1991 aktivitas marching band dihentikan dan timnya pun bubar. Satu set replika perlengkapan marching band binaan Sampoerna. Pada masanya tim marching band ini pernah berjaya. Jika di lantai 1 pengunjung bisa melihat aneka pajangan, maka di lantai 2 pengunjung bisa berbelanja suvenir, seperti gelas dan kaos. Bukan hanya sebagai tempat belanja suvenir, ada hal lebih menarik bahkan mungkin paling menarik dari museum ini yang bisa pengunjung saksikan dari lantai 2. Ya, apalagi kalau bukan aktivitas melinting rokok yang dilakukan oleh para pekerja wanita. Aktivitas ini hanya bisa disaksikan pada jam-jam tertentu di hari kerja. Saya yang saat itu baru pertama kali menyaksikannya langsung merasa terheran-heran sekaligus kagum. Terheran-heran karena para wanita tersebut bekerja dalam kecepatan yang amat super kala melinting rokok. Tangan mereka begitu cekatan mulai dari mempersiapkan isi rokok, melintingnya, hingga mem-pack-nya. Dalam hati saya berpikir, apakah mereka tidak merasa stressed dan jenuh melakoni rutinitas tersebut hampir setiap hari? Ketika mendengar penjelasan dari tour guide yang saat itu mendampingi, jujur saya kaget. Bayangkan, mereka ditarget untuk menghasilkan 325 batang rokok per jamnya! Wajar saja jika gerakan tangan mereka begitu cepat. Di sisi lain saya merasa kagum dengan para pekerja wanita tersebut. Mereka mau bekerja dengan total dan gigih. Tidak nampak raut lelah di wajah mereka, meskipun pekerjaan yang mereka jalankan cukup berat. Semangat para pekerja wanita inilah yang pantas kita tiru. Lokasi kerja para pelinting rokok ini berada di gedung di sisi kanan museum. Ketika saya melewati depan gedung tersebut terdengarlah lagu-lagu dangdut yang saya yakin bertujuan untuk menghibur para pekerja agar tidak jenuh bahkan stressed. Selama menyaksikan aktivitas melinting rokok para pengunjung tidak diperbolehkan memfoto ataupun merekam. Ini demi melindungi privasi para pekerja sekaligus agar tidak menganggu konsentrasi mereka. Sumber: dokumentasi pribadi dan diolah dari berbagai sumber Artikel ini dibuat oleh Kawan GNFI, dengan mematuhi aturan menulis di GNFI. Isi artikel ini sepenuhnya menjadi tanggung jawab penulis. Laporkan tulisan. Daftar komentar untuk artikel ""House of Sampoerna: Membingkai Sejarah Rokok Kretek dan  Kegigihan Para Wanita"" Terima kasih telah membaca sampai di sini Terima kasih telah melaporkan penyalahgunaan yang melanggar aturan atau cara penulisan di GNFI. Kami terus berusaha menjadikan GNFI tetap bersih dari konten yang tidak sepatutnya ada di sini. Sedang mengambil data";https://www.goodnewsfromindonesia.id/2017/10/13/house-of-sampoerna-membingkai-sejarah-rokok-kretek-dan-kegigihan-para-wanita?page=all
430;13;8 Tempat Wisata Menarik di Surabaya  KOMPAS.com - Surabaya selain dikenal sebagai Kota Pahlawan, juga mempunyai segudang tempat wisata yang menarik. Tempat wisata yang dimiliki pun beragam, mulai dari wisata alam, museum hingga wahana air dan berenang di Atlantis Land. Bagi yang hendak berlibur atau sejenak berkunjung ke Surabaya bisa mencoba tempat wisata menarik berikut: Pilihan pertama adalah menikmati waktu bersama keluarga di Pantai Kenjeran atau yang memiliki nama Taman Hiburan Pantai Kenjeran. Berdasarkan informasi di laman resmi Tiket Wisata Surabaya milik Pemerintah Kota, pantai ini lokasinya di sisi timur laut Kota Surabaya, tepatnya di Jalan Pantai Lama Kenjeran No 1, dekat dengan Jembatan Suroboyo. Masyarakat yang datang akan disuguhi wisata pesisir pantai dengan latar belakang Jembatan Suramadu. Beragam fasilitas seperti taman bermain, gazebo, anjungan, stan–stan souvenir produk UMKM, dan foodcourt yang menawarkan berbagai pilihan kuliner khas pesisir tersedia di sana. Kawasan ini buka mulai pukul 07.00-16.00 WIB dengan harga tiket masuk (HTM) Rp 10.000. Baca juga: 10 Tempat Wisata di Bandung yang Instagramable  Pilihan wisata kedua di Kota Surabaya adalah mengunjungi Museum Tugu Pahlawan yang terletak di Jalan Pahlawan. Di sana terdapat monumen untuk mengenang sejarah perjuangan Pahlawan Kemerdekaan dalam peristiwa pertempuran 10 November 1945 di Surabaya. Fisik monumen dibuat dengan bentuk menyerupai paku terbalik dengan tinggi 45 yard atau sekitar 40,50 meter. Untuk melengkapi monumen, dibangunlah fasilitas sejarah yaitu Museum 10 November yang di dalamnya terdapat ratusan koleksi seperti foto, senjata rampasan, dan artefak peninggalan pertempuran di Surabaya, juga fasilitas pendukung lain yaitu diorama elekronik dan diorama statis. Museum dapat dikunjungi sejak pukul 08.00-15.00 dengan HTM Rp 5.000. Baca juga: Spesifikasi dan Cerita KRI Pasopati-410, Kapal Selam TNI AL yang Kini Jadi Monumen di Surabaya  Pilihan ketiga adalah menikmati suasana sore atau malam dengan naik perahu di Kalimas di Jalan Ketabang Kali No. 5. Ada dua rute perahu, pertama adalah Taman Prestasi-Museum Pendidikan Rute ini menawarkan nuansa lampu lampion di sepanjang rute Taman Prestasi sampai Taman Ekspresi. Pengunjung dapat menikmati spot foto di Museum Pendidikan, Taman Ekspresi, dan Pasar Apung. Pintu masuk dan titik akhir dari rute ini adalah di Taman Prestasi. Baca juga: Daftar Tarif Tol dan Titik Rest Area Rute Jakarta-Surabaya Kedua adalah rute Monumen Kapal Selam-SIOLA. Untuk rute kedua, pengunjung dapat menikmati spot foto di Air Mancur Patung Suroboyo, Taman Skate & BMX, Pasar Apung, Museum Pendidikan, dan Dermaga Siola. Berwisata di sini, pengunjung sudah termasuk tiket masuk Monumen Kapal Selam. Jika ingin menaiki perahu dan menikmati suasana di sana, datanglah antara pukul 15.00-21.00 WIB. Baca juga: PPDB SMP Surabaya 2022: Jadwal, Jalur, Kuota dan Syarat Pendaftaran  Pilihan selanjutnya adalah bertemu dengan ratusan jenis satwa di Kebun Binatang Surabaya (KBS). Informasi dari laman resmi KBS, di sana terdapat lebih dari 211 spesies satwa dan jumlahnya mencapai 2.236 ekor. Termasuk di dalamnya satwa langka Indonesia maupun dunia yang terdiri dari Mamalia, Aves, Reptilia, dan Pisces. Tidak hanya sekadar melihat satwa, pengunjung juga bisa mendapatkan edukasi serta hiburan dalam waktu yang sama, karena akan ada jasa pemandu yang bisa memberi beragam informasi kepada pengunjung. HTM ke KBS dibedakan atas 5 paket edukasi berbeda, mulai dari Rp 40.000- Rp 90.000. Baca juga: Catat, Ini Tarif Tol Surabaya Madiun 2022 Cukup dengan membayar tiket masuk sebesar Rp 5.000, Anda sudah bisa menikmati pemandangan hijau hutan mangrove yang ada di Ekowisata Mangrove di daerah Rungkut, Surabaya. Lokasinya terdapat di Jalan Wonorejo Nomor 1. Di sana, Anda bisa menikmati cuaca hangat Surabaya sembari memandang landskap alam berupa hutan mangrove ini. Baca juga: Update Tarif Tol Surabaya Malang 2022 Tak hanya memandang, pengunjung juga dapat menjelajah lebatnya hutan mangrove dengan melintasi jembatan-jembatan kayu yang dibuat. Selain hijau, lokasi ini juga cukup tertata dan indah untuk diabadikan melalui lensa kamera. Berdasarkan informasi Badan Perencanaan Pembangunan Kota Surabaya, tidak ada biaya tiket yang harus dikeluarkan untuk mengunjungi area seluas kurang lebih 200 hektar ini. Namun, bagi Anda yang ingin menyewa kapal wisata, maka akan dikenakan biaya Rp 25.000 untuk dewasa dan Rp 15.000 untuk anak-anak. Baca juga: Viral, Video Boneka Squid Game di Lampu Merah Surabaya, Benarkah Ada?  Selanjutnya, masih nuansa alam terbuka, Anda bisa mengajak keluarga tercinta untuk berwisata di Hutan Bambu Keputih. Terletak di Jalan Raya Marina Asri, Keputih, Sukolilo, pengunjung bisa menikmati suasana hijau dan sejuk di bawah bqtang-batang bambu yang menjuntai tinggi. Lokasi ini juga cantik untuk menjadi tempat berfoto dengan latar belakang deretan pohon bambu. Baca juga: Daftar SMA Terbaik di Jakarta, Bandung, Surabaya, dan Yogyakarta Hasil foto di lokasi ini bisa membuat pengunjung sedang berada di Sagano Bamboo Forest yang terkenal di Jepang. Hutan ini berada satu lokasi dengan Taman Harmoni dan Taman Ruang Publik di area seluas 40 hektar. Semula, lokasi ini hanyalah tempat pembuangan sampah akhir (TPA), namun diubah sedemikian rupa menjadi hutan bambu yang memiliki daya tarik wisata. Perubahan terjadi di era kepemimpinan Wali Kota Surabaya Tri Rismaharini. Baca juga: Sosok Ahmad Afi, Pesepak Bola Asal Surabaya yang Tak Bisa Ikut Seleksi Timnas U-16 karena Sakit Kronis Selanjutnya adalah mengunjungi Food Junction yang ada di Grand Pakuwon. Di sana, Anda bisa mengajak keluarga atau teman untuk menikmati beragam menu makanan yang dijajakan. Tak hanya itu, Anda juga bisa menikmati makanan tersebut sembari menikmat pemandangan danau buatan. Tidak ada tiket masuk untuk masuk ke sana, kecuali biaya parkir dan biaya untuk membeli makanan itu sendiri. Baca juga: Ramai soal Video Boneka Squid Game di Lampu Merah, Dishub Kota Surabaya: Itu Editan  Bagi yang ingin bermain beragam wahana air dan berenang, Atlantis Land bisa menjadi tujuan liburan Anda. Di area seluas belasan hektar itu, pengunjung dapat menikmati kolam renang, berbagai seluncuran, juga wahana-wahana permainan air lainnya yang tak kalah menyenangkan. HTM lokasi ini adalah Rp 100.000 untuk Senin-Jumat, dan Rp 125.000 untuk Sabtu, Minggu, dan hari besar. Selain lokasi-lokasi wisata di atas, masih ada banyak lokasi wisata sejarah, edukasi, serta hiburan yang bisa Anda datangi saat berada di Surabaya. Baca juga: Viral Foto Petugas Mal Pelayanan Publik Makan Pentol saat Layani Warga, Ini Kata Pemkot Surabaya  Tulis komentarmu dengan tagar #JernihBerkomentar dan menangkan e-voucher untuk 90 pemenang! Dapatkan informasi dan insight pilihan redaksi Kompas.com Periksa kembali dan lengkapi data dirimu. Data dirimu akan digunakan untuk verifikasi akun ketika kamu membutuhkan bantuan atau ketika ditemukan aktivitas tidak biasa pada akunmu. Segera lengkapi data dirimu untuk ikutan program #JernihBerkomentar.;https://www.kompas.com/tren/read/2022/06/18/130400065/8-tempat-wisata-menarik-di-surabaya?page=all
430;14;TRIBUNTRAVEL.COM - Atlantis Land Surabaya bisa menjadi destinasi pilihan bagi traveler yang merencanakan liburan akhir pekan. Atlantis Land Surabaya berlokasi di Jalan Sukolilo Nomor 100, Sukolilo Baru, Bulak, Surabaya, Jawa Timur. Akses menuju ke lokasi Atlantis Land Surabaya terbilang cukup mudah, karena hanya berjarak sekira 7,6 kilometer dari pusat kota Surabaya. Atlantis Land Surabaya menawarkan berbagai wahana menarik yang siap membuat momen liburan akhir pekan traveler semakin menyenangkan. Tempat wisata di Surabaya ini buka setiap hari mulai pukul 10.00 hingga 18.00 WIB. Bagi traveler yang ingin menghabiskan liburan akhir pekan di Atlantis Land Surabaya, simak terlebih dahulu informasi berikut ini. • 7 Kuliner Malam di Surabaya yang Menggugah Selera, Ada Sego Sambel hingga Cumi Waspada Dilansir TribunTravel dari akun Instagram @atlantislandofficial pada Minggu (16/2/2020), berikut ini informasi tentang wahana, pertunjukan, dan harga tiket masuk Atlantis Land Surabaya. Wahana Atlantis Land Surabaya 1. Wahana untuk semua kalangan (anak hingga dewasa) - Tea Cup - Space Fighter - Music Express - Carrousel - Duck Boat - Misteri Atlantis - Dino Land - Discovery - Istana Es - Istana Patung Lilin - Atlantis Waterland 2. Wahana khusus remaja dan dewasa - Tornado Slide - Boomerang Slide - Power Surge - Wave Swinger - Star Dancer - Bumper Car Senior - Disco Pang-Pang - Dark Coaster - Viking 3. Wahana khusus anak - Happy Car - Bumper Car Junior - Mandi bola & trampolin - Egg Dragon - Mini Happy Car - Running Horse - Mini Tornado - Fire Fighter Pertunjukan Atlantis Land Surabaya Untuk semakin menambah seru momen liburan para wisatawan, Atlantis Land Surabaya juga menyajikan pertunjukan yang menarik. Terdapat akrobat bola maut yang bisa dinikmati setiap hari pukul 17.00 WIB. Setelah itu, akan ada pertunjukan air mancur menari yang digelar pada pukul 17.45 WIB. Harga Tiket Masuk Atlantis Land Surabaya Traveler yang ingin menikmati keseruan wahana di Atlantis Land Surabaya wajib membeli tiket masuk terlebih dahulu. Harga tiket masuk Atlantis Land Surabaya dibanderol dengan tarif Rp 100.000 per orang untuk weekday (Senin-Jumat). Sedangkan untuk weekend (Sabtu, Minggu, dan hari libur nasional), hargfa tiket masuk Atlantis Land Surabaya dibanderol dengan tarif Rp 125.000 per orang.  • Rekomendasi 7 Kuliner Malam di Surabaya, Coba Sego Sambel Mak Yeye yang Menggugah Selera  • 7 Kuliner Malam di Surabaya yang Menggugah Selera, Ada Sego Sambel hingga Cumi Waspada  • Mencoba Rawon Kluwek, Kuliner Khas Surabaya yang Kaya Rempah  • Rekomendasi 5 Kuliner Legendaris di Pasar Atom Surabaya, Ada Nasi Cumi hingga Bubur Madura  • Liburan Akhir Pekan di Surabaya, Ini 5 Hotel Bintang 3 dengan Fasilitas Wifi (TribunTravel.com/Muhammad Yurokha M) web9-superball;https://travel.tribunnews.com/2020/02/19/harga-tiket-masuk-atlantis-land-surabaya-untuk-liburan-akhir-pekan?page=all
430;15;ILUSTRASI. Atlantis Land Surabaya punya istana es dengan suhu -15° Celcius layaknya di Kutub Utara. Dok: Instagram Atlantis Land Surabaya.  KONTAN.CO.ID - Atlantis Land Surabaya merupakan tempat wisata yang punya banyak wahana permainan untuk keluarga. Salah satu wahana yang menjadi unggulannya adalah Istana Es.  Bayangkan saja, pengunjung bisa merasakan sensasi dingin dengan suhu -15° Celcius layaknya di Kutub Utara.  Di wahana Atlantis Land Surabaya itu juga ada bangunan-bangunan yang terbuat langsung dari es, seperti igloo dan istana. Karena itu, pengunjung bisa menguji kekebalan tubuhnya terhadap dingin di Istana Es.  Melansir situs Atlantis Land Surabaya, tempat wisata ini juga punya empat wahana lainnya yang tidak kalah seru dari Istana Es. Yakni, Dino Land, Tornado & Boomerang Slide, Istana Patung Lilin, dan Kids Kingdom.  Dino Land bisa pengunjung jelajahi sambil menaiki kereta. Pengunjung akan melihat dinosaurus bergerak layaknya kembali ke zaman purbakala. Suasana hutan belantara akan begitu terasa di wahana ini.  Baca Juga: Sudah buka, ini daftar pantai di Pacitan yang bisa dikunjungi   Lain halnya di wahana Tornado & Boomerang Slide. Di sini, pengunjung bisa meluncur sambil menaiki ban dengan kecepatan tinggi dari ketinggian ± 30 meter. Seluncuran yang berbentuk corong ini akan membuat pengunjung berputar-putar.  Bagi yang suka foto-foto, wajib mencoba wahana Istana Patung Lilin. Di dalamnya ada banyak replika lilin menyerupai tokoh-tokoh terkenal yang bisa diajak berfoto.  Bagi yang datang bersama anak-anak, Atlantis Land Surabaya punya wahana Kids Kingdom yang terdiri dari kolam mandi bola, trampolin, seluncuran, dan masih banyak lagi.  Tempat wisata yang berlokasi di Jalan Sukolilo Nomor 100 ini membanderol harga tiket masuk senilai Rp 75.000 untuk weekday dan Rp 100.000 untuk weekend selama September 2020. Lalu, jam operasionalnya pukul 10:00–18:00 WIB.  Selamat berwisata!  Cek Berita dan Artikel yang lain di Google News;https://lifestyle.kontan.co.id/news/atlantis-land-surabaya-tempat-wisata-yang-punya-istana-es?page=all
431;16;"liputan6 24 Agu 2020, 04:00 WIBDiperbarui 24 Agu 2020, 09:57 WIB Liputan6.com, Jakarta - Pemerintah kota Surabaya (Pemkot Surabaya) akan mensinergikan Taman Hiburan Rakyat (THR) dan Taman Remaja Surabaya (TRS). Para pakar dan pemangku kepentingan pun diundang untuk memberi masukan. ""Usulan-usulan itu akan digabung jadi ketika ke sana tetap ada kesan dan kenangan masa lalu,” ujar Kepala Badan Perencanaan Pembangunan Kota (Bappeko) Surabaya Eri Cahyadi, seperti yang dikutip dari Antara, Minggu, 23 Agustus 2020. Pemerintah Kota Surabaya akan menyusun ulang konsep di kawasan Taman Remaja Surabaya (TRS) dan Taman Hiburan Rakyat (THR) setelah pengosongan di kawasan TRS. Kawasan tersebut akan dijadikan kawasan kesenian dan taman hiburan seperti sedia kala.  Baca Juga  Mengutip Antara, Taman Remaja Surabaya (TRS) tidak hanya taman hiburan dan kesenian. Ikon tempat hiburan yang berdiri sejak 20 Februari 1971 ini memiliki sejarah tersendiri yang menyimpan banyak kenangan bagi warga Surabaya, Jawa Timur. Salah satunya Rahmad Adi (19). Ia menuturkan, saat duduk di bangku sekolah dasar (SD) bersama orangtuanya menikmati hiburan di Taman Remaja Surabaya. Sejumlah permainan dijajal oleh Rahmad ketika berada di TRS mulai dari bom-bom car, mandi bola, naik kereta ulat. Pria yang juga seorang atlet ini paling suka naik kereta ulat ketika berada di TRS lantaran seru dan mengasyikkan. Rahmad menceritakan, karena masih kecil tidak boleh bermain roller coaster sehingga itu menjadi kenangan tidak dilupakan oleh dirinya. ""Ndak dibolehi naik roller coaster karena umur masih kecil,"" ujar dia saat dihubungi Liputan6.com, Senin (24/8/2020). Rahmad pun mengharapkan TRS makin bagus seiring ada revitalisasi yang dilakukan oleh Pemerintah Kota Surabaya. Berburu kuliner di Surabaya memang menyenangkan. Keliling kota sambil mencoba makanan tradisional yang kini makin langka. Apalagi kuliner legendaris yang telah berusia puluhan tahu. * Fakta atau Hoaks? Untuk mengetahui kebenaran informasi yang beredar, silakan WhatsApp ke nomor Cek Fakta Liputan6.com 0811 9787 670 hanya dengan ketik kata kunci yang diinginkan. Demikian juga bagi Iwan Kurniawan (34). Taman Remaja Surabaya menjadi salah satu tempat hiburan favorit bagi dirinya. Ia mengaku minimal sebulan sekali untuk mengunjungi TRS. ""Minimal saya ke TRS sebulan sekali, atau setahun 3-4 kali,” tutur dia. TRS juga memberikan kenangan bagi Iwan saat masa remaja. Terutama ketika saat menaiki permainan bianglala. Saat itu, ia menyatakan cinta kepada pacarnya saat naik wahana bianglala. ""Pernah waktu SMA nembak teman cewek, saat naik wahana permainan Bianglala di TRS. Paling berkesan yang naik Bianglala,” ujar dia. Selain permainan bianglala, ia juga bermain bom-bom car, rumah hantu dan kereta gantung. Iwan pergi ke TRS kadang bersama keluarga, teman dan pacar. Ia menuturkan, acara fenomenal di TRS mulai dari kegiatan dangdutan dan acara karnaval anak TK se-Surabaya tiap 17 Agustus. ""Terakhir main ke TRS ikut lomba band. Kalau tiap hari Kamis malam dangdutan, kalau enggak salah,” ujar dia. Iwan menuturkan, TRS menjadi satu-satunya tempat hiburan yang terpopuler pada zaman kejayaannya. Advertisement Demikian juga Sejarawan Universitas Airlangga Adrian Perkasa yang punya banyak kenangan di TRS.  Salah satunya wahana yang ada di tempat hiburan tersebut. Adrian menuturkan, ketika SD menyukai permainan kora-kora di TRS. Ia biasa mengunjungi TRS ketika ada momen khusus terutama mengikuti lomba ketika duduk di bangku sekolah dasar (SD) di tingkat Surabaya. Lomba yang diikuti mulai dari lomba puisi dan cerdas cermat. “Seringnya momen khusus kalau pas SD. Saat kelas 3 dan 4 SD tahun 1997-1998, ikut lomba biasanya(mengunjungi TRS-red),"" tutur dia. ""Pas mahasiswa pernah sama mantan pacar, sekarang sudah jadi istri,"" ia menambahkan. Adrian mengharapkan, dengan ada revitalisasi TRS bisa ada taman bermain yang dapat diakses siapa saja terutama warga Surabaya yang di kampung-kampung. * BACA BERITA TERKINI LAINNYA DI GOOGLE NEWS Advertisement Advertisement Advertisement";https://surabaya.liputan6.com/read/4337715/cerita-warga-mengenang-masa-lalu-di-taman-remaja-surabaya?page=all
431;17;"TEMPO.CO, Jakarta - Menteri Pariwisata dan Ekonomi Kreatif/Kepala Badan Pariwisata dan Ekonomi Kreatif, Sandiaga Uno, mengagumi potensi Desa Wisata Taman Loang Baloq di Kota Mataram, Nusa Tenggara Barat. Desa ini memiliki daya tarik wisata bahari dan religi. Kombinasi potensi wisata ini menjadi daya tarik yang kuat bagi pelancong sehingga diharapkan membuka lapangan kerja bagi masyarakat dan mendorong perekonomian setempat.  Dalam keteragan pers Kementerian Pariwisata dan Ekonomi Kreatif, disebutkan bahwa Desa Wisata Taman Loang Baloq (bahasa Sasak artinya lubang buaya) merupakan salah satu desa wisata yang masuk dalam 50 besar Anugerah Desa Wisata Indonesia (ADWI) 2022.  ""Saya terkesan, sekarang saya ada di Desa Wisata Taman Loang Baloq. Saya ucapkan selamat karena desa wisata ini masuk dalam 50 besar ADWI 2022, kita harapkan kombinasi antara bahari dan religi bisa jadi satu kesatuan yang mampu membangkitkan ekonomi kita dan membuka lapangan kerja,"" kata Menparekraf Sandiaga Uno saat berkunjung ke desa tersebut, Sabtu 25 Juni 2022. Desa Wisata Taman Loang Baloq di Kota Mataram, Nusa Tenggara Barat (Dok. Kemenparekraf) Taman Loang Baloq memiliki pantai dengan pemandangan indah, yaitu Pantai Loang Baloq. Pantai ini memiliki pasir putih yang berada di sebelah barat Pulau Lombok dan menjadi sunset point. Berada satu area dengan Taman Hiburan Rakyat Loang Baloq, pantai ini jadi pilihan tepat untuk liburan bersama keluarga. Tidak jauh dari pantai ini, terdapat pohon beringin yang menjulang tinggi dan mendekap makam tua, yang dikenal sebagai makam Maulana Syekh Gaos Abdurrazak (wali). Ia merupakan salah satu ulama besar penyebar agama Islam di Lombok, yang berasal dari Timur Tengah. Di kalangan masyarakat Lombok kala itu, ia akrab disapa Sayyid Tohri. Berdekatan dengan makam Sayyid Tohri, terdapat makam Datuk Laut yang juga tokoh agama sekaligus tokoh masyarakat di Lombok. Sementara, makam terakhir adalah makam seorang anak yatim piatu atau dalam bahasa Sasak disebut makam Anak Iwoq. ""Di sini ada makam yang banyak membawa suatu pengalaman untuk berwisata religi. Destinasi ini dapat dikembangkan dalam satu travel pattern atau travel plan bagi wisatawan saat berkunjung ke Nusa Tenggara Barat,"" kata Menparekraf Sandiaga. Selain itu, ada tradisi unik yang masih banyak dilakukan pengunjung di lokasi sekitarnya, yaitu mengikat akar beringin. Dipercaya masyarakat setempat, jika mengikat akar pohon beringin sambil bernazar di sana, maka akan cepat dikabulkan. Jika keinginan telah dikabulkan, maka masyarakat yang telah mengikat akar pohon beringin datang kembali dan membuka akar yang telah mereka ikat. Di desa wisata ini juga terdapat Taman Hiburan Rakyat yang menawarkan banyak aktivitas seru. Salah satu yang paling ikonis adalah menara pandang yang jadi lokasi untuk menikmati pemandangan sekitar serta melihat momen matahari terbenam. Di sini juga terdapat plaza pengunjung dan panggung hiburan yang biasa dijadikan tempat penyelenggaraan berbagai acara serta danau buatan yang menyediakan pilihan aktivitas seperti becak air. ""Kita juga bisa melihat beragam produk ekonomi kreatif. Jadi destinasi di desa wisata ini sangat lengkap, mulai dari sunset, produk ekonomi kreatif, juga kearifan lokal yang kuat,"" kata Menparekraf Sandiaga. Wali Kota Mataram Mohan Roliskana menyampaikan apresiasi dan terima kasih atas ditetapkannya Desa Wisata Taman Loang Baloq dalam 50 besar Anugerah Desa Wisata Indonesia (ADWI) 2022. ""Mewakili warga masyarakat Kota Mataram, saya ucapkan terima kasih atas dukungan dan bimbingan dari Mas Menteri yang selama ini memberikan atensi luar biasa kepada Kota Mataram sehingga kota Mataram melalui Desa Wisata Taman Loang Baloq masuk 50 desa wisata terbaik se-Indonesia,"" kata Mohan Roliskana. SUPRIYANTHO KHAFID Baca juga: Sandiaga Uno Bikin Vlog dari Atas Jeep di Desa Wisata Buwun Sejati NTB Selalu update info terkini. Simak breaking news dan berita pilihan dari Tempo.co di kanal Telegram “Tempo.co Update”. Klik Tempo.co Update untuk bergabung. Anda perlu meng-install aplikasi Telegram lebih dulu. Sandiaga Uno menyampaikan Gubernur Bali Wayan Koster telah memberikan kepastian agar semua pihak bersiap siaga dan memastikan KTT G20 tetap on track Sandiaga menuturkan, saat ini, ada beberapa wilayah Indonesia yang sedang menghadapi anomali cuaca curah hujan yang tinggi.  Desa Penembang merupakan desa wisata rintisan yang memiliki potensi wisata yang lengkap, mulai dari wisata air terjun, atraksi dan kuliner.  Selain Sandiaga Uno, hadir pula Wakil Ketua MPR Yandri Susanto dan alumni Pondok Pesantren Gontor, Hidayat Nur Wahid. Gusung yang ada di Pulau Lancang itu berupa tonjolan pasir putih seluas 1.260 meter persegi. Rangkaian Malam Puncak Anugerah Desa Wisata Indonesia 2022 akan dimulai sejak pagi hingga malam hari. Tahun depan, setidaknya ada beberapa hari libur nasional dan cuti bersama yang bisa dimanfaatkan masyarakat untuk berlibur. Sandiaga Uno mengajak agar semua eleman masyarakat tetap semangat untuk menatap ke depan. Pemerintah menargetkan jumlah kunjungan wisatawan asing tahun ini bisa mencapai 1,8 juta sampai 3,6 juta orang. Sandiaga Uno mengatakan sejak peluncuran Gernas BBI, sudah ada puluhan juta UMKM bertransformasi memasuki ekosistem ekonomi digital.";https://travel.tempo.co/read/1606062/sandiaga-uno-kunjungi-desa-wisata-taman-loang-baloq-di-mataram-ada-potensi-wisata-bahari-dan-religi?page=all
431;18;"Laporan Koresponden Tribunnews.com, Richard Susilo dari Jepang TRIBUNNEWS.COM, TOKYO - Di tengah masa pandemi, Jepang membangun kembali taman hiburan seluas 30.000 meter persegi yang terletak di sepanjang Sungai Sumida di bagian utara kawasan Arakawa. ""Kita akan buka tahun 2022 taman hiburan rakyat Arakawa (THR Arakawa) ini setelah ditutup 2018 lalu,"" kata Arai, seorang petugas di lokasi pembangunan kepada Tribunnews.com, Sabtu (5/12/2020). Salah satu yang menarik dari banyaknya atraksi di tempat ini nantinya adalah Water Shooting di mana pengunjung berfungsi seperti seorang petugas pemadam kebakaran. Naik ke kotak akrilik transparan memegang semprotan air dan menargetkan tembakan air ke lubang yang ada di dinding. Sementara kotak akrilik yang mengangkat pengunjung juga berputar pelan-pelan sehingga mungkin menyulitkan penyemprotan, perlu konsentrasi lebih. Apabila air semprotan banyak memasuki lubang tersebut maka poin atau angka semakin banyak diperoleh dan yang memperoleh poin terbanyak dialah yang terhebat. THR Arakawa ini terletak di Nishiogu 6-35-1, Arakawaku, Tokyo dengan lokasi sangat indah di tepian sungai besar Sumida. THR Arakawa tersebut sebenarnya dikhususkan agar anak-anak kecil dapat menikmati bermain, dan ada berbagai atraksi standar. Tetapi tidak ada atraksi dengan gerakan intens pada tingkat yang sesuai untuk orang dewasa di masa lalu.Taman hiburan yang dapat digunakan dengan mudah tanpa perlu khawatir tentang dompet karena tiket masuk tergolong murah antara 100 hingga 200 yen per orang (sebelum ditutup). ""Nantinya belum tahu berapa biaya masuk mungkin akan naik dibandingkan sebelumnya,"" ungkap petugas itu. Ada lebih banyak kebun binatang kecil, alun-alun piknik, fasilitas peralatan bermain, taman bermain air, dan sebagainya. Baca juga:  Wanita Jalanan Jepang Penjaja Seks Mulai Ditangkapi Polisi Daripada atraksi, dan dekorasi serta tata letak taman yang rapi, dan keseluruhan suasananya mirip dengan taman besar, dengan suasana yang tenang. Setelah dibuka kembali pada tahun 2022 nanti, lokasi itu akan menjadi lebih besar dari sekarang, dan akan diarahkan oleh LED pada malam hari. Alhasil, diharapkan semakin banyak wisatawan muda yang tertarik dan menjadi tempat wisata baru. Melihat sejarah THR Arakawa didirikan bulan Mei 1922 (Taisho 11). Ada teori berbeda bahwa pemilik pabrik Kanbei Hirooka membuka taman hiburan pribadi ""Taman Hiburan Arakawa"" di lokasi bekas pabrik batu bata yang ditutup karena macet (Oji Electric Orbit Co., Ltd. yang membangunnya). Meskipun disebut ""taman hiburan"", hanya ada sedikit yang bisa disebut atraksi pada awalnya. Fasilitas utamanya adalah pemandian air panas yang besar, teater, dan restoran, yang digunakan seperti Kurhaus saat ini di mana orang dewasa dapat bersantai. 1932 (Showa 7). Baca juga:  PM Jepang Umumkan Program GoToTravel Diperpanjang Hingga Juni 2021 Kemudian dijual ke Oji Electric Orbit Co., Ltd. karena kesulitan keuangan (ada teori berbeda seperti yang disebutkan di atas). Pada tahun 1942 (Showa 17) - Menjadi kamp tentara tembak-tinggi dan hampir ditutup. Tahun 1950 menjadi taman hiburan lingkungan di Daerah Arakawa. Tahun 1991 direnovasi ke kondisi saat ini. Tanggal 30 November 2018 ditutup untuk pekerjaan pembaharuan dan akan dibuka tahun 2022. Fasilitas utama Atraksi kincir ria dengan diameter anulus 26m x tinggi 40 meter nantinya. Satu putaran dalam waktu sekitar 7 menit. Coaster keluarga dikatakan sebagai roller coaster paling lambat di Jepang dengan kecepatan maksimum 13 km/jam.";https://www.tribunnews.com/internasional/2020/12/06/jepang-bangun-kembali-taman-hiburan-arakawa-yang-sempat-ditutup-30-november-2018?page=all
432;19;"SURABAYA, BANGSAONLINE.com - Sebanyak 1000 orang juru parkir Kota Surabaya yang tergabung dalam Paguyuban Juru Parkir Surabaya (PJS), melakukan aksi  damai untuk menyampaikan penolakan penerapan E-Parking Surabaya. Mereka berkumpul di Taman Mundu, Tambak Sari, dan diteruskan ke DPRD Kota Surabaya. Izul Fiqri,  Sekjen PJS mengatakan, banyak hal yang harus dijadikan acuan oleh Dinas Perhubungan. Pertama, setelah diterapkan E-Parking diterapkan, apa dampak sosialnya? “Kami juru parkir tidak pernah dilibatkan. Sejauh ini E-parking disampaikan untuk akuntabilitas. Jadi pendapatan daerah benar-benar termonitoring dan online, sementara saat ini manualpun akuntanbilitas dari Dinas Perhubungan tidak pernah ada,” kata Izul kepada BANGSAONLINE, Rabu (24/2). Izul menjelaskan, salah satu buktinya adalah bertahun-tahun juru parkir Surabaya, memberikan retribusi kepada Kota Surabaya tapi tanpa ada tanda terima yang jelas. ""Alibi Dinas Perhubungan adalah tanda terima sudah ada,  tapi oknum Dinas Perhubungan yang tidak memberikan. Kenapa itu tidak dibereskan lebih dulu sebelum E-Parking benar-benar diterapkan?,"" ujarnya seraya bertanya. Kedua, dijelaskan Izul, Dinas Perhubungan hanya menjalankan haknya,  tapi kewajibannya tidak pernah dipenuhi pada juru parkir. Salah satunya ketika terjadi kehilangan, di karcis sudah ada asuransi, tapi itu tidak pernah dijalankan di lapangan, malah juru parkir yang mengganti kehilangan.  Simak berita selengkapnya...

 
 Connect With Us © Copyright 2022 Bangsa Online. All Rights Reserved";https://bangsaonline.com/berita/19741/paguyuban-jukir-surabaya-kami-hanya-dijadikan-atm?browsefrom=mobile?page=all
432;20;Kebun Bibit atau Taman Flora terletak di Jalan Raya Manyar. Taman Flora menjadi satu-satunya yang bisa dibilang paling hijau dan rimbun pepohonannya di Surabaya. Jika kamu sudah masuk Taman Flora, kamu akan berasa seperti jalan-jalan di kebun binatang karena ada kebun binatang mini dengan berbagai binatang seperti kancil, kijang, ikan, dan berbagai macam spesies burung. Taman ini juga dilengkapi permainan anak, out bound mini di bagian depan, dan sering ada even komunitas yang bisa disaksikan. 6. Taman 10 November Taman 10 November atau yang dulu dikenal Taman Mundu terletak di Jalan Juwet, Surabaya. Lokasinya terletak persis di depan pintu masuk Stadion Gelora 10 November. Ada banyak permainan anak serta ada dua air mancur kembar di Taman 10 November. Jika ingin menikmati pemandangan lebih indah, datanglah pada malam hari, karena air mancur akan menyala warna warni. 7. Taman Pelangi Taman Pelangi terletak di Jalan Ahmad Yani, Surabaya. Di taman ini kamu bisa menyaksikan pelangi pada air mancurnya ketika malam hari. Tidak hanya itu, di taman ini juga tersedia banyak tempat duduk dan spot menarik. 8. Taman Prestasi web7-superball;https://travel.tribunnews.com/2018/12/07/selain-taman-bungkul-ini-8-taman-cantik-di-surabaya-yang-gratis-untuk-dikunjungi?page=3?page=all
432;21;"Rabu, 26 Oktober 2022 16:02 Rabu, 26 Oktober 2022 15:58 Rabu, 26 Oktober 2022 15:57 Rabu, 26 Oktober 2022 15:57 Rabu, 26 Oktober 2022 15:54 
							 12 menit lalu
							 
							 2 jam lalu
							 
							 3 jam lalu
							 
							 5 jam lalu
							 
							 1 jam lalu
							 
							 2 jam lalu
							 
							 5 jam lalu
							 
							 7 jam lalu
							 
							 1 jam lalu
							 
							 7 jam lalu
							 
							 1 hari lalu
							 
							 1 hari lalu
							 
							 4 jam lalu
							 
							 1 jam lalu
							 
							 20 jam lalu
							 
							 1 hari lalu
							 
							 15 menit lalu
							 
							 5 jam lalu
							 
							 8 jam lalu
							 
							 1 hari lalu
							 
							 1 jam lalu
							 
							 8 jam lalu
							 
							 10 jam lalu
							 
							 19 jam lalu
							 
								 1 hari lalu
								 
								 4 hari lalu
								 
								 4 hari lalu
								 
								 6 hari lalu
								 
								 1 jam lalu
								 
								 17 jam lalu
								 
								 1 hari lalu
								 
								 1 hari lalu
								 
								 12 menit lalu
								 
								 4 jam lalu
								 
								 2 jam lalu
								 
								 4 jam lalu
								 
								 7 jam lalu
								 
								 8 jam lalu
								 
								 1 hari lalu
								 
								 1 hari lalu
								 
								 1 hari lalu
								 
								 1 hari lalu
								 
								 1 hari lalu
								 
								 1 hari lalu
								 
								 1 jam lalu
								 
								 1 jam lalu
								 
								 1 jam lalu
								 
								 2 jam lalu
								 
								 9 jam lalu
								 
								 19 jam lalu
								 
								 1 hari lalu
								 
								 2 hari lalu
								 
								 1 hari lalu
								 
								 1 hari lalu
								 
								 1 hari lalu
								 
								 1 hari lalu
								 
								 Kamis, 29 September 2022 19:18 Wib
								 
								 Sabtu, 24 September 2022 5:56 Wib
								 
								 Kamis, 15 September 2022 16:17 Wib
								 
								 Rabu, 14 September 2022 15:56 Wib
								 
								 3 jam lalu
								 
								 21 jam lalu
								 
								 1 hari lalu
								 
								 1 hari lalu
								 
								 15 menit lalu
								 
								 5 jam lalu
								 
								 7 jam lalu
								 
								 8 jam lalu
								 
								 9 jam lalu
								 
								 19 jam lalu
								 
								 2 hari lalu
								 
								 2 hari lalu
								 
								 6 jam lalu
								 
								 1 hari lalu
								 
								 2 hari lalu
								 
								 2 hari lalu
								 
								 2 hari lalu
								 
								 Kamis, 13 Oktober 2022 21:55 Wib
								 
								 Minggu, 25 September 2022 14:44 Wib
								 
								 Senin, 19 September 2022 10:15 Wib
								 
								 4 hari lalu
								 
								 6 hari lalu
								 
								 6 hari lalu
								 
								 Selasa, 18 Oktober 2022 22:10 Wib
								 
								 Minggu, 4 September 2022 21:25 Wib
								 
								 Minggu, 20 Maret 2022 13:08 Wib
								 
								 Minggu, 20 Maret 2022 13:06 Wib
								 
								 Minggu, 20 Maret 2022 6:41 Wib
								 
								 Minggu, 28 November 2021 14:03 Wib
								 
								 Jumat, 19 November 2021 13:05 Wib
								 
								 Kamis, 21 Oktober 2021 17:03 Wib, 2021
								 
								 Rabu, 29 September 2021 14:16 Wib, 2021
								 
								 1 hari lalu
								 
								 Sabtu, 1 Oktober 2022 10:59 Wib
								 
								 Rabu, 28 September 2022 20:53 Wib
								 
								 Selasa, 27 September 2022 11:36 Wib
								 
								 2 hari lalu
								 
								 2 hari lalu
								 
								 4 hari lalu
								 
								 6 hari lalu
								 
								 3 hari lalu
								 
								 Senin, 17 Oktober 2022 8:31 Wib
								 
								 Rabu, 12 Oktober 2022 6:54 Wib
								 
								 Minggu, 9 Oktober 2022 7:34 Wib
								 
								 6 hari lalu
								 
								 6 hari lalu
								 
								 Jumat, 7 Oktober 2022 18:55 Wib
								 
								 Selasa, 27 September 2022 16:31 Wib
								 
								 6 hari lalu
								 
								 Senin, 26 September 2022 8:41 Wib
								 
								 Jumat, 27 Mei 2022 10:32 Wib
								 
								 Selasa, 12 April 2022 11:16 Wib
								 
								 1 hari lalu
								 
								 Rabu, 18 Mei 2022 5:14 Wib
								 
								 Selasa, 17 Mei 2022 12:10 Wib
								 
								 Minggu, 15 Mei 2022 6:52 Wib
								 
								 1 hari lalu
								 
								 2 hari lalu
								 
								 2 hari lalu
								 
								 4 hari lalu
								 
								 Sabtu, 8 Oktober 2022 20:58 Wib
								 
								 Rabu, 20 Juli 2022 11:09 Wib
								 
								 Minggu, 17 April 2022 8:44 Wib
								 
								 Selasa, 5 April 2022 4:06 Wib
								 
id
Pemakaman ibunda presiden



Kamis, 26 Maret 2020 13:41 WIB
Kamis, 26 Maret 2020 13:41 WIB



 Jenazah ibunda Presiden Joko Widodo, Sudjiatmi Notomijardjo, tiba di pemakaman keluarga Mundu, Karanganyar, Kamis. (ANTARA/ I.C.Senjaya)  Kamis, 26 Maret 2020 15:34  Kamis, 26 Maret 2020 14:18  Kamis, 26 Maret 2020 13:02  Rabu, 25 Maret 2020 23:54  Rabu, 26 Oktober 2022 15:52  Rabu, 26 Oktober 2022 14:59  Rabu, 26 Oktober 2022 14:56  Rabu, 26 Oktober 2022 14:54 


									12 menit lalu
							
 


									15 menit lalu
							
 


									4 jam lalu
							
 


									1 jam lalu
							
 


									1 jam lalu";https://jateng.antaranews.com/berita/300278/prosesi-pemakaman-ibunda-presiden-jokowi-di-pemakaman-mundu-dimulai?page=all
433;22;TRIBUNNEWS.COM,SURABAYA - Museum MPU Tantular milik Pemprov Jatim termasuk jeli melihat munculnya tren anak muda suka museum. Museum yang terletak di Jl Buduran Sidoarjo  menyambut tren itu rajin menggelar event untuk memikat anak muda. Kepala UPT Museum Negeri Mpu Tantular atau Museum Mpu Tantular, Edi Iriyanto menegaskan, ia memilih meningkatkan animo lewat  strategi menggelar event karena lebih murah. “Kami tidak mungkin menggunakan strategi  menambah  koleksi. Itu butuh dana besar,”  katanya. Edi menuturkan, tiap bulan, ada tiga hingga empat event yang ia gelar. Malah di bulan November 2014, ia gelar lima event. Mulai Pameran Peninggalan Bertulis, Pameran Naskah Kuno, Seminar tentang Bhinneka Tunggal Ika, pembuatan majalah dinding untuk pelajar, serta pameran bertema Dokter Soetomo. Event yang disebutkan terakhir, dimulai Kamis (6/11/2014) hari ini, Even akan berlangsung enam hari berturut-turut. “Koleksi yang dipamerkan adalah benda-benda seputar kehidupan Dokter Soetomo. Koleksi itu didatangkan dari Museum Kebangkitan Nasional, Jakarta. Targetnya yang datang 7.500 orang,” ucap pria asal Jawa Tengah itu. Selain even di musim, sejumlah even digelar di luar. Di antaranya pameran keliling di sekolah. Juga pameran koleksi di mall. Promosi melalui website juga terus ia update.   Berkat strategi even itu, Museum Mpu Tantular dinobatkan sebagai museum pemerintah terbaik, awal Oktober 2014, bulan lalu. Edi mengaku sengaja menghindari promosi lewat strategi penambahan koleksi karena butuh dana besar. Ia mencontohkan, pengadaan koleksi berupa temuan benda-benda  langka dan bersejarah, nilainya bisa mencapai ratusan juta rupiah. Lagi pula, koleksi museum sudah mencapai 15.000 buah. Jumlah yang bisa dibilang tidak sedikit. Koleksi meliputi berbagai seperti kategori arkeologika, etnografika (manusia, etnis, dan budayanya), seni rupa, uang kuno, filologika (naskah-naskah tua), kramologika (keramik), numismatika (uang-uang kuno) dan lain sebagainya. Tidak semua koleksi bisa dipajang di ruang pamer museum yang terletak di Jl Raya Buduran, Kabupaten Sidoarjo. Sebagian harus disimpan dalam ruang penyimpanan (storage), dan akan dikeluarkan apabila akan dilaksanakan pameran keluar.   ”Yang masuk ke storage, kami keluarkan secara bergantian, termasuk ketika ada pameran-pameran di luar. Untuk koleksi yang dipajang di pameran tetap, hanya diganti tiga tahun sekali,” jelasnya. (day/ben/idl/dim);https://www.tribunnews.com/regional/2014/11/06/gaet-pengunjung-museum-mpu-tantular-rajin-gelar-kegiatan?page=all
433;23;"SIDOARJO, BANGSAONLINE.com - Komplotan begal di Sidoarjo yang beraksi pertengahan April 2020 lalu di Jalan KH Ali Mas'ud, sekitaran Museum Mpu Tantular, Buduran, berhasil ditangkap Satreskrim Polresta Sidoarjo.  Para pelaku begal yang diringkus kali ini tidak segan melukai tubuh korban saat beraksi. Peristiwa terakhir dialami korban Arif Fauzan bersama Candra Pratama. Saat itu kedua korban berboncengan, melintas di jalan tersebut pukul 00.30 WIB hendak pulang ke rumahnya. Kemudian di Jalan KH. Ali Mas'ud, ia dihadang delapan orang pelaku begal mengendarai empat unit motor matic. Kemudian kedua korban dikeroyok oleh delapan pelaku. Hingga akhirnya motor matic milik korban dirampas para pelaku. Akibat pengeroyokan ini, korban mengalami luka pukul benda keras di bagian kepala. ""Dari laporan masyarakat yang masuk terkait terjadinya aksi begal tersebut, tim kami dari Satreskrim Polresta Sidoarjo berhasil mengungkap kasus begal ini. Tim menangkap sembilan pelaku. Tujuh sebagai pelaku begal sudah  ditangkap, dan satu lagi masih DPO. Kemudian ada lagi dua pelaku sebagai penadah,"" ungkap Kapolresta Sidoarjo Kombes Pol. Sumardji, Jumat (8/5/2020) di Mapolresta Sidoarjo.  Lebih lanjut, Kombes Pol. Sumardji menambahkan, bahwa satu di antara komplotan begal tersebut adalah GF (23), residivis yang pernah mendapatkan asimilasi pada 10 Maret 2020 lalu, terkait dengan perkara pencurian dengan kekerasan yang terjadi di sekitar Museum Mpu Tantular Kabupaten Sidoarjo, tahun 2018. Terhadap para pelaku begal, mereka dikenakan perkara 365 KUHP dengan ancaman hukuman 12 tahun penjara. Sedangkan bagi kedua pelaku yang berprofesi sebagai penadah dikenakan ancaman hukuman 4 tahun penjara, sesuai dengan pasal 480 KUHP. Dalam kesempatan ini, Kapolresta Sidoarjo Kombes Pol. Sumardji mengimbau kepada masyarakat untuk senantiasa waspada dan berhati-hati saat berkendara. ""Meskipun polisi sudah berpatroli di titik-titik rawan, kepada masyarakat diimbau jangan keluar malam, serta jangan melintas di jalan raya yang kondisinya sepi. Di tengah pandemi Covid-19 saat ini lebih baiknya tetap di rumah saja,"" pungkasnya. (cat/rev)  (Barang bukti langsung dikembalikan ke pemilik) Lihat juga video 'Detik-Detik Pencurian Sepeda Motor di Krian Sidoarjo Terekam CCTV, Pelaku Mengenakan Seragam Ojol':  

 
 Connect With Us © Copyright 2022 Bangsa Online. All Rights Reserved";https://www.bangsaonline.com/berita/73833/polresta-sidoarjo-tangkap-komplotan-begal-yang-beraksi-di-kawasan-mpu-tantular-buduran?page=all
433;24;liputan6 12 Sep 2001, 17:47 WIBDiperbarui 12 Sep 2001, 17:47 WIB * BACA BERITA TERKINI LAINNYA DI GOOGLE NEWS Advertisement Advertisement Advertisement;https://www.liputan6.com/news/read/19818/koleksi-museum-empu-tantular-terancam-rusak?page=all
434;25;liputan6 26 Nov 2013, 13:23 WIBDiperbarui 26 Nov 2013, 13:23 WIB Warga Surabaya patut berbangga. Salah satu taman kotanya, Taman Bungkul mendapat penghargaan sebagai salah satu taman terbaik di dunia. Penghargaan akan diserahkan kepada Walikota Surabaya Tri Rismaharini di Fukuoka Jepang, hari ini.Seperti ditayangkan Liputan 6 Siang SCTV, Selasa (26/11/2013), Taman Bungkul yang indah dan tertata rapi ini terletak di Jalan Raya Darmo ini merupakan salah satu dari puluhan taman yang dimiliki Kota Surabaya. Taman ini dihiasi beraneka jenis bunga, serta berbagai fasilitas melengkapi taman yang sudah seperti jantung Kota Surabaya ini.Di Taman Bungkul, anak-anak bisa menikmati arena permainan yang lengkap. Ada juga anak yang hobi bermain skateboard. Ada pula arena olahraga skateboard yang memadai.Dari kondisi sebelumnya yang terkesan terabaikan, Taman Bungkul kini berubah menjadi taman wisata hijau yang menyegarkan. Bahkan, berbagai acara hiburan dan budaya juga sering digelar di taman kota seluas 900 meter persegi ini.Pengunjung Taman Bungkul juga dapat berwisata religi. Di belakang taman tersebut, terdapat Kompleks Pemakaman Ki Ageng Bungkul atau seringkali disebut Mbah Bungkul. Bagi yang ingin makan, bisa datang ke deretan kios pedagang kaki lima (PKL) yang menyediakan aneka menu tertata rapi di belakang taman.Kini dengan diakuinya Taman Bungkul sebagai salah satu taman kota terbaik di dunia. Tentunya kita semua wajib menjaga dan merawat Taman Bungkul sebagai kebanggaan bersama. (Riz/Sss) * BACA BERITA TERKINI LAINNYA DI GOOGLE NEWS Advertisement Advertisement Advertisement;https://www.liputan6.com/news/read/756804/video-bungkul-surabaya-jadi-taman-terbaik-sedunia?page=all
434;26;"Laporan Wartawan Surya, Sri Handi Lestari dan Sugiharto TRIBUNNEWS.COM, SURABAYA - Walikota Surabaya, Tri Rismaharini, Minggu (17/4/2016) pagi, mencak-mencak di areal Car Free Day (CFD), Jalan Raya Darmo dan Taman Bungkul. Risma, demikian sapaan akrabnya, mengenakan bawahan celana biru dongker dipadu atasan kemeja kotak-kotak kombinasi putih, biru, dan cokelat jalan-jalan melihat kondisi taman tersebut. Ia meluapkan kemarahannya karena kesal melihat sampah berserak.  Di antara pengunjung yang asyik duduk Taman Bungkul, Risma menyampaikan pengumuman lewat megaphone supaya membuang sampah di tempatnya. ""Ayo jangan kotori Taman bungkul. Buang sampah di tempatnya. Jangan mak prung di tempat,"" seru Risma. Para pengunjung kaget. Mereka tak menyangka suara itu ternyata adalah milik sang walikota. ""Lho ada Bu Wali,"" seru beberapa warga yang asyik makan ndodok di sekitaran taman.  Tapi, ketika akan mendekat untuk salaman, mereka sudah ketakutan melihat Risma yang sedang dalam aura marah. ""Kok kelihatannya lagi marah. Enggak jadi salaman. Padahal setelah salaman mau tak ajak foto,"" lanjut pengunjung tersebut.  Selain memberi pengumuman pakai megaphone, Risma sebelumnya terlihat mengambil sapu ijuk milik petugas, kemudian menyapu areal jalan di sisi Utara Taman Bungkul. Dengan bersepatu kets dan mengenakan jilbab biru, Risma juga memunguti sampah kertas dan bungkus kecil, serta beberapa brosur dan pamflet yang dibuang sembarang di badan jalan. ""Kok kotor kabeh yo,"" ucapnya.  Ketika berjalan ke depan Taman Bungkul, Risma melihat seorang pria yang mengecat tubuhnya warna putih dengan kostum cacam. Kemudian berteaterikal di atas becaknya. Aksi pria yang bisa dijumpai tiap CFD itu langsung diminta turun oleh Risma.  ""Ini daripada kamu ngamen, mending ke Balai Pemuda atau Cak Durasim sana. Jangan ngamen di sini seperti ini,"" kata Risma.  Pria dengan topi cacak, itu terlihat mengangguk-anggukkan kepala sambil menjawab,"" iya bu"".  Risma kembali berkeliling dan menolak ketika diajak bicara wartawan. Bahkan saat ada yang sibuk memotretnya, asisten Risma yang berjilbab, langsung melarangnya. ""Sudah. Jangan foto-foto saja,"" kata asisten perempuan yang menggunakan jilbab itu.(*)";https://www.tribunnews.com/video/2016/04/18/marah-seruan-walikota-risma-kejutkan-pengunjung-taman-bungkul?page=all
434;27;"Bagikan: SURABAYA - Salah satu taman yang ramai dikunjungi warga di Kota Surabaya yakni Taman Bungkul di Jalan Raya Darmo siap dibuka untuk umum setelah Surabaya masuk PPKM level 1. ""Terkait rencana pembukaan Taman Bungkul menunggu asesmen Satgas COVID-19. Nanti akan dihitung berapa kapasitasnya dan disiapkan pemindai barcode yang terkoneksi aplikasi PeduliLindungi,"" kata Wakil Wali Kota Surabaya Armuji saat ikut membersihkan Taman Bungkul dikutip Antara, Selasa, 19 Oktober. Menurut dia, Surabaya ditetapkan masuk PPKM level 1 merupakan kebanggaan bagi seluruh warga Kota Surabaya. Hal ini menunjukkan penanganan COVID-19 yang dilakukan Pemkot Surabaya, TNI, Polri, ormas, relawan, komunitas dan warga Surabaya berhasil. ""Bahkan vaksinasi di Surabaya sudah melampaui target,"" ujarnya. Usai membersihkan Taman Bungkul, Armuji menyempatkan berkeliling melihat kondisi Sentra Wisata Kuliner (SWK) dan mencicipi Semanggi Khas Surabaya yang dijajakan oleh PKL di Taman Bungkul. ""Semanggi ini mulai jarang, semoga dengan Surabaya masuk Level 1 aktivitas warga bisa berlangsung normal dan yang berjualan bisa mendapatkan pemasukan seperti biasanya,"" katanya.  
 Kota Surabaya menjadi satu di antara lima kabupaten/kota di Jawa Timur masuk Pemberlakuan Pembatasan Kegiatan Masyarakat (PPKM) level 1 berdasarkan Instruksi Dalam Negeri Nomor 53 Tahun 2021 tentang PPKM di Jawa Bali. Kebijakan itu mulai berlaku 19 Oktober 2021. Selain Kota Surabaya, empat kabupaten/kota di Jatim yang juga ditetapkan masuk PPKM level 1 yakni Kota Mojokerto, Kota Kediri, Kota Belitar dan Kota Pasuruan. 
                                                Tag:
                                                                                                    nusantara
surabaya
wisata
pemkot surabaya
taman kota
jawa timur
ppkm level 1
 © 2022 VOI - Waktunya Merevolusi Pemberitaan";https://voi.id/berita/96011/wakil-walkot-surabaya-armuji-bersih-bersih-taman-bungkul-yang-bakal-dibuka-lag?page=all
435;28;liputan6 10 Sep 2019, 08:00 WIBDiperbarui 10 Sep 2019, 08:00 WIB Liputan6.com, Jakarta - Pemerintah Kota (Pemkot) Surabaya, Jawa Timur semakin memperkaya destinasi wisata yang ada di kotanya. Mereka terus menggali potensi apa saja yang dapat mereka miliki, sehingga lahirlah beragam jenis objek rekreasi yang menarik. Mengenai wisata bersejarah, Surabaya tak diragukan lagi. dengan sejumlah bangunan bersejarah, jalan dan museum Kalau wisata kuliner, kota ini juga kaya akan kuliner yang beragam. Dilihat dari segala kemungkinan yang ada di alam, bahkan sekelas tempat pembuangan akhir pun dapat ‘disulap’ menjadi tempat destinasi wisata. Seperti hutan bambu keputih misalnya, Pemkot setempat dengan sigap membentuk satgas untuk menjaga kelestarian di hutan bambu tersebut. Masih ada juga wisata alam yang lainnya di Surabaya yang tak pernah sepi pengunjung.  Baca Juga  Di antaranya mangrove Wonorejo, pantai ria kenjeran, dan tambat labuh sontoh laut. Ingin tahu mengenai destinasi tersebut? Mari simak ulasannya berikut ini, ditulis Selasa (10/9/2019): 1.Hutan Bambu Keputih Hutan yang terletak di Jalan Raya Marina Asri, Keputih, Kecamatan Sukolilo, Jawa Timur ini berada di kawasan 40 hektar yang terdiri dari tiga bagian. Bagian tersebut diantaranya hutan bambu keputih, taman harmoni, dan taman ruang publik keputih. Spot di hutan bambu keputih kini banyak dimanfaatkan oleh penduduk Surabaya, dan sekitarnya untuk didokumentasikan. Rerentetan bambu di sana mampu memberikan efek menyegarkan dan juga menenangkan pikiran. 2. Ekowisata Mangrove Wonorejo Mangrove di sini memiliki luas sekitar lebih dari 800 hektar. Selain itu, terdapat juga 83 species burung eksotik dan langka seperti bambangan kuning, cangak merah, perkutut jawa, dan punai gading. Objek wisata yang berada di Jalan Raya Wonorejo No.1, Rungkut, Surabaya menyimpan banyak sekali tanaman sejenis bakau dan nonbakau, diantaranya pidada (Sonneratia caseolaris), buta-buta (Excoecaria agallocha), waru laut (Hibiscus tilliaceus), tanjang (Bruguiera gymnorrhiza), dan masih banyak lagi jenis lainnya. 3. Pantai Ria Kenjeran Pantai Ria Kenjeran merupakan salah satu tempat wisata yang lengkap, karena di sana ada wahana permainannya, wisata air, taman-taman dan juga pantai. Di pantainya, anak-anak bisa menghabiskan waktu dengan bermain pasir. Selanjutnya, disediakan pula beberapa fasilitas pendukung lainnya seperti ayunan dan perosotan. Pemandangan yang menjadi titik sentral dari Pantai Ria Kenjeran yaitu Jembatan Kenjeran yang menampilkan pesona air mancur menari (dancing water). 4) Tambat Labuh Sontoh Laut Merupakan destinasi wisata yang menyuguhkan pemandangan wisata mangrove yang berderet disepanjang pinggir pantai utara Surabaya. Selain itu, pengunjung bisa melihat lansekap terminal peti emas yang berada di seberang pantai utara tersebut. Pengunjung yang datang ke sini dapat menikmati perjalanan di atas air, seperti naik perahu nelayan. Selanjutnya, diberikan juga fasilitas permainan bersepeda ria mengasyikan yang bisa pengunjung manfaatkan untuk berekreasi. Jadi, wisata alam mana yang menarik perhatian Kamu? (Wiwin Fitriyani, mahasiswi Universitas Tarumanagara)   Rumah batik memajang berbagai motif batik dari daerah-daerah di Jawa Timur, seperti Bangkalan, Sumenep, Surabaya. * Fakta atau Hoaks? Untuk mengetahui kebenaran informasi yang beredar, silakan WhatsApp ke nomor Cek Fakta Liputan6.com 0811 9787 670 hanya dengan ketik kata kunci yang diinginkan. Sebelumnya, jalan-jalan di Surabaya, Jawa Timur tak hanya mencicipi kuliner, melihat bangunan sejarah, dan keliling kota. Di Kota Pahlawan ini, wisata religi juga dapat menjadi pilihan. Surabaya yang memiliki beragam masyarakat dari berbagai suku, etnis, dan agama menjadikan sebagai kota multi-kultural. Oleh karena itu, di kota ini juga ditemui sejumlah tempat ibadah dari beragam agama. Tempat ibadah di kota ini juga ada yang memiliki cerita dan termasuk bangunan bersejarah.  Salah satunya, Klenteng Hok An Kiong. Berdasarkan Buku Travelicious, Jalan Hemat, Jajan Nikmat Karya Ariyanto, klenteng ini merupakan salah satu klenteng tertua yang ada di Surabaya. Kelenteng Hok An Kiong didirikan sekitar 1830-an. Bangunan yang berada di Jalan Coklat, Pabean, Surabaya ini pada awalnya merupakan daerah pelabuhan. Sebelumnya, klenteng Hok An Kiong disebut juga klenteng coklat, karena dilihat dari nama jalannya yaitu Jalan Coklat. Kapal-kapal saudagar dari Tiongkok, China sering mampir ke daerah Pabean yang kini sudah menjadi Pasar Ikan. Seiring bertambahnya kapal-kapal saudagar Tiongkok yang bersandar di Kalimas, terutama dekat Pabean dan Slompretan, membuat ratusan awak kapal kadang-kadang beristirahat di daerah itu. Ada beberapa saudagar kaya yang tergabung dalam perkumpulan Hok Kian Kong Tik Soe. Mengutip berbagai sumber, Mereka merasa iba melihat para awak kapal beristirahat di sana. Kemudian, tercetuslah ide dari perkumpulan tersebut untuk mendirikan tempat ibadah yang sekaligus bisa menjadi tempat beristirahat untuk awak kapal itu. Maka, jadilah bangunan Kelenteng Hok An Kiong. Mengutip Jurnal Intra Petra.ac.id, interior di klenteng ini didesain dengan gaya budaya Fujian. Klenteng ini pada mulanya hanya terdiri dari halaman depan untuk ibadah kepada Tuhan Yang Maha Esa serta ruang altar utama hanya kepada Dewi Mahcoh Po. Bangunan itu kini sudah ditetapkan sebagai bangunan cagar budaya oleh Pemerintah Kota Surabaya berdasarkan SK Walikota Surabaya No.188.45/258/436.1.2/2012.   (Wiwin Fitriyani, mahasiswi Universitas Tarumanagara)   * BACA BERITA TERKINI LAINNYA DI GOOGLE NEWS Advertisement Advertisement Advertisement Advertisement;https://surabaya.liputan6.com/read/4058638/ingin-wisata-alam-di-surabaya-yuk-kunjungi-4-tempat-ini?page=all
435;29;"SURABAYA, BANGSAONLINE.com - Obyek wisata di kawasan utara
Surabaya seperti taman Bulak, sentra ikan Bulak, ikon lama Surabaya THP Kenjeran,
dan jembatan THP Kenjeran sejak libur Lebaran, benar-benar jadi objek wisata
pilihan bagi pengunjung dari dalam maupun luar kota. Sayangnya di
jembatan THP Kenjeran merke tidak bisa berlama-lama parkir mobil karena segera
diusir petugas.  Banyak pengunjung yang
sekadar parkir, jalan-jalan dan selfie, namun tidak bisa berlama-lama.  Pemerintah
Kota Surabaya tampaknya akan terus mempercantik kawasan Surabaya Utara
ini.  Selain taman bermain serta taman
Suroboyo yang terus dibenahi,  tidak lama
lagi akan dilengkapi dengan patung raksasa Suro dan Boyo yang konon setinggi 11
meter. “Rata-rata
wisatawan yang datang ke wilayah Bulak sampai lebih dari 5 ribu orang dalam
setiap harinya,” ucap Suprayitno Camat Bulak Kenjeran kepada awak media. Menurut
Prayit- sapaan akrab Suprayitno, pengunjung saat liburan Lebaran didominasi
oleh warga luar kota, hal ini terlihat dari nopol kendaraan pribadi yang
digunakan diantaranya asal Jakarta, Semarang, bahkan ada juga yang asal
Kalimantan. “Mereka
bersama keluarga memanfaatkan indahnya jembatan suroboyo dengan berfoto bersama
keluarganya,” ucap dia. Saat hari
Minggu (25/6/2017), lanjut Prayit, air laut lagi pasang, jadi banyak juga
pengunjung memanfaatkan wisata perahu keliling sampai  puter jembatan Suramadu. “Kemudian
yang di THP juga sangat ramai terutama anak-anak yang bermain di pesisir
pantai,” tambahnya. Selama libur
Lebaran, tim pengamanan Muspika Kecamatan Bulak Surabaya terus bersiaga. Tidak
ada cuti dan libur bagi mereka aga tetap kondusif dan keselamatan pengunjung. (yul/ns) 

 
 Connect With Us © Copyright 2022 Bangsa Online. All Rights Reserved";https://bangsaonline.com/berita/35259/jembatan-thp-kenjeran-ramai-dikunjungi-wisatawan?page=all
435;30;liputan6 30 Sep 2019, 06:00 WIBDiperbarui 30 Sep 2019, 06:00 WIB Liputan6.com, Jakarta - Surabaya, Jawa Timur memiliki sejumlah wilayah yang terbagi atas Surabaya Timur, Surabaya Barat, Surabaya Utara, Surabaya Selatan, dan Surabaya Pusat. Di wilayah tersebut, ada berbagai tempat menarik yang dapat dikunjungi untuk berwisata, belanja, sekolah, dan lainnya. Bicara mengenai wisata, Surabaya menawarkan wisata kota yang menjadi daya tarik kota ini. Oleh karena itu, membenahi layanan publik, fasilitas umum, membangun taman, dan lainnya terus dilakukan sehingga menarik para wisatawan. Meski demikian, di salah satu wilayah di Surabaya juga menawarkan wisata alam yang tak kalah menarik. Salah satunya di wilayah Surabaya Utara. Di daerah ini salah satunya dapat ditemui wisata bahari. Selain itu juga bisa menikmati wisata religi.  Baca Juga  Wilayah ini memiliki sejumlah kecamatan antara lain Bulak, Kenjeran, Semampir, Pabean Cantian, dan Krembangan. Ingin  tahu apa saja yang dapat dijelajahi di Surabaya Utara? Berikut Liputan6.com rangkum dari berbagai sumber, Senin (30/9/2019): 1. Pantai Kenjeran Surabaya memiliki wisata bahari yang dapat jadi pertimbangan untuk dikunjungi. Salah satu Pantai Kenjeran. Pantai ini terbagi menjadi Pantai Kenjeran Lama dan Pantai Kenjeran Baru. Di Pantai Kenjeran Lama, ada sejumlah kegiatan yang bisa dilakukan pada wisata konvensional. Para pengunjung dapat menikmati pemandangan alam dengan ombak tidak terlalu besar. Biasanya pengunjung berlayar dengan menyewa perahu dan berenang. 2.Pantai Kenjeran Baru Di wilayah ini ada sejumlah daya tarik utama yaitu Klenteng Sanggar Agung, Pagoda Tian Ti, dan waterpark. Di Pantai Kenjeran Baru ini terdapat Jembatan Kenjeran. Objek wisata ini merupakan wisata air mancur menari atau dancing water. 3. Pagoda Tian Ti Di wilayah Kenjeran, ada salah satu bangunan pagoda di dekat pantai yang memiliki ciri arsitektur China, seperti disebutkan dalam buku Travelicious edisi Surabaya, Malang, dan Madura karya Ariyanto. Bangunan pagoda ini bernama Pagoda Tian Ti yang lokasinya di Kenjeran Park. Tian Ti berarti bumi langit. Bangunan ini disebutkan sebagai duplikat pagoda sejenis yang ada di Beijing, China. Sebelum masuk ke areal pagoda, kita akan melewati dulu Kya Kya 12 Shio. Di sana dapat ditemui berbagai jenis shio dan simbolnya.Kemudian masuk ke dalam lokasi Kya Kya Sea Side, sebelum akhirnya sampai di Pagoda Tian Ti.  Rumah batik memajang berbagai motif batik dari daerah-daerah di Jawa Timur, seperti Bangkalan, Sumenep, Surabaya. * Fakta atau Hoaks? Untuk mengetahui kebenaran informasi yang beredar, silakan WhatsApp ke nomor Cek Fakta Liputan6.com 0811 9787 670 hanya dengan ketik kata kunci yang diinginkan. 4. Masjid Agung Sunan Ampel Masjid ini didirikan oleh Sunan Ampel (nama aslinya Raden Achmad Rachmatulloh). Masjid ini didirikan sebagai upaya dakwahnya di Kawasan Ampel. Masjid yang telah berdiri sejak 1421 Masehi tersebut, berada di kawasan kota lama wilayah utara Surabaya atau tepatnya di kawasan Kampung Arab. Masjid Agung Sunan Ampel mempunyai gaya arsitektur yang merupakan hasil perpaduan antara Jawa dan Arab. Kemudian, di kompleks masjid ini pula, terdapat makam Sunan Ampel yang wafat pada 1481 Masehi. 5.Jalan Gula Jalan ini berada di Kelurahan Bongkaran, Kecamatan Pabean Cantikan. Wilayah ini merupakan pusat pergudangan dan lokasi bongkar muat. Adapun Jalan Gula merupakan sebuah gang sempit yang letaknya di antara bangunan-bangunan tua. Akan tetapi, hal itu tak menyurutkan keinginan warga untuk mengunjungi Jalan Gula. Hal ini lantaran jalan ini menawarkan suasana terkesan tua, usang dan klasik. Ditambah bangunan tua berarsitektur Belanda dan tidak terawat juga menjadi daya tarik. * BACA BERITA TERKINI LAINNYA DI GOOGLE NEWS Advertisement Advertisement Advertisement Advertisement;https://surabaya.liputan6.com/read/4074593/yuk-jelajahi-5-tempat-ini-di-surabaya-utara?page=all
436;31;TRIBUNTRAVEL.COM - Kota Surabaya punya banyak taman yang bisa jadi pilihan ngabuburit bareng keluarga. Selain murah meriah, taman kota di Surabaya ini juga menghadirkan ragam spot foto Instagramable dan fasilitas yang lengkap. Traveler yang punya anak kecil bisa mampir ke taman-taman yang ada di Surabaya untuk ngabuburit. Baca juga: 5 Tempat Ngabuburit di Jakarta Selatan, Bisa Dikunjungi Seusai Liburan di Taman Margasatwa Ragunan Mulai dari Taman Pelangi yang Instagramable hingga Taman Prestasi dengan wahana permainan anak. Dirangkum TribunTravel, berikut sembilan taman di Surabaya untuk ngabuburit, di antaranya: 1. Taman Pelangi Taman Pelangi ini memiliki beberapa spot foto instagramable yang menarik untuk dikunjungi. Selain itu, saat berkunjung ke Taman Pelangi, traveler bisa bersantai di sejumlah gazebo yang telah tersedia. Taman Pelangi ini terletak di Jalan Frontage Ahmad Yani Siwalankerto Nomor 138 Gayungan, Surabaya, Jawa Timur. 2. Taman Lansia Berikutnya ada Taman Lansia yang terletak di Jalan Kalimantan No 12, Gubeng, Surabaya, Jawa Timur. Sekilas taman ini mirip seperti taman kebanyakan, namun beberapa fasilitas ramah lansia ini menjadi keunikannya. Taman Lansia menjadi satu di antara tempat ngabuburit di Surabaya. Taman ini dilengkapi dengan fasilitas di antaranya ada batu refleksi, jalur kursi roda, area olahraga dan masih banyak lagi. 3. Taman Bungkul Taman Bungkul merupakan taman kebanggaan warga Surabaya karena telah menyandang gelar terbaik se Asia Tenggara. Taman seluas 10.000 meter ini memiliki failitas lengkap. Dari area jogging track, tanaman hias, air mancur, arena skateboard, arena bermain anak, arena sepeda BMX dan masih banyak lagi. Menariknya Taman Bungkul juga ramah penyandang disabilitas. Di mana taman ini dilengkapi dengan akses khusus bagi penyandang disabilitas. Taman Bungkul buka selama 24 jam dan bisa jadi pilihan tempat ngabuburit selama Ramadhan 2022. Untuk masuk ke area Taman Bungkul, traveler tidak dipungut tiket masuk alias gratis. Taman Bungkul berlokasi di Jalan Taman Bungkul, Darmo, Wonokromo, Surabaya, Jawa Timur. Baca juga: Harga Tiket Masuk Batu Love Garden April 2022, Tempat Ngabuburit Asyik di Kota Batu Baca juga: M Bloc Space, Spot Favorit di Jaksel untuk Ngabuburit Sekaligus Berbuka Puasa 4. Taman Harmoni Taman Harmoni berlokasi di Jalan Keputih Tegal Timur II No 249, Keputih, Sukolilo, Surabaya, Jawa Timur. Keunikan dari taman seluas 6 hektar ini terletak pada hutan bambunya yang rindang. Keberadaan hutan bambu ini mirip seperti yang ada di Jepang. Selain hutan bambu, traveler juga bisa menemukan taman Sakura di sana. Taman Sakura ini dipenuhi dengan beragam tanaman, mulai dari bunga sakura, bunga matahari, bunga mawar, bunga sepatu dan masih banyak lagi, Taman Harmoni bisa jadi pilihan tempat ngabuburit di Surabaya bareng anak-anak. 5. Taman Mozaik Taman Mozaik merupakan satu tempat terbuka hijau di Surabaya dan pilihan tempat ngabuburit yang seru. Sesuai namanya, Taman Mozaik terkenal dengan bangunan yang disusun dengan kaca beraneka warna dan ukuran. Bangunan ini terlihat kontras dengan taman yang didominasi pepohonan hijau. Keunikan bangunan ini menjadi daya tarik warga yang berkunjung sekaligus spot foto Instagramable. Taman Mozaik berlokasi di Jalan Wiyung Praja, Surabaya, Jawa Timur. Taman Mozaik buka selama 24 jam dan harga tiket masuknya gratis. 6. Taman Suroboyo Taman Suroboyo merupakan satu tempat ngabuburit di Surabaya yang murah meriah dan ramah anak. Ada banyak wahana dan fasilitas menarik yang ada di Taman Suroboyo. Satu yang paling menarik adalah patung Suro dan Boyo berukuran raksasa. Patung ini sering dijadikan sebagai spot foto bagi wisatawan yang berkunjung. Taman Suroboyo berlokasi di Jalan Pantai Kenjeran, Kedung Cowek, Bulak, Surabaya, Jawa Timur. Taman Suroboyo buka selama 24 jam dan harga tiket masuknya gratis. 7. Taman 10 November Tempat ngabuburit seru di Surabaya berikutnya ada Taman Mundu. Lokasinya ada di Juwet, Tambaksari, Kec. Tambaksari, Kota Surabaya, Jawa Timur. Taman ini dulunya memiliki nama Taman Mundu yang dilengkapi dengan ragam wahana permainan anak-anak. 8. Taman Flora Bratang Surabaya Taman Flora Bratang Surabaya memiliki area yang luas dengan taman bermain anak-anak. Di Taman Flora Bratang Surabaya juga terdapat rusa dan burung. Untuk fasilitas tak perlu khawatir, Taman Flora Bratang Surabaya dilengkapi dengan musala dan toilet. Selain menunggu waktu berbuka, traveler bisa refreshing bareng keluarga. Traveler dapat menjumpai Taman Flora Bratang di Jalan Bratang Binangun, Baratajaya, Kec. Gubeng, Kota Surabaya, Jawa Timur. 9. Taman Prestasi Surabaya Taman Prestasi Surabaya terletak di Jalan Ketabang Kali No 6, Ketabang, Kec. Genteng, Kota Surabaya, Jawa Timur. Taman Prestasi Surabaya juga cocok jadi tempat ngabuburit seru di Surabaya bareng anak-anak. Di sini terdapat wahana permainan yang bikin anak-anak makin senang. Tonton juga: Baca juga: Harga Tiket Masuk dan Jam Buka Cimory Dairyland Puncak Selama Ramadhan, Bisa Jadi Tempat Ngabuburit Baca juga: 7 Tempat Ngabuburit di Kota Bogor, Ada Taman Corat Coret Penuh Murah Karya Seniman Lokal (TribunTravel.com/ Ratna) Baca selengkapnya seputar Ramadhan 2022, di sini. web9-superball;https://travel.tribunnews.com/2022/04/05/9-taman-di-surabaya-pilihan-ngabuburit-murah-meriah-dan-ramah-anak?page=all
436;32;"liputan6 16 Mar 2022, 14:10 WIBDiperbarui 16 Mar 2022, 14:10 WIB Liputan6.com, Surabaya - Kepala Dinas Lingkungan Hidup Surabaya Agus Hebi Djuniantoro mengatakan, pihaknya bakal membuka delapan taman kota seiring menurunnya kasus Covid-19 saat ini. ""Kami sepakat membuka delapan taman kota, yakni Taman Flora, Taman Harmoni, Taman Prestasi, Taman Pelangi, Taman Sejarah, Taman Cahaya, Taman Ekspresi, dan Taman Kebun Bibit Wonorejo yang sudah kami buka per hari ini,"" ujarnya, Selasa (15/3/2022). Sedangkan untuk kegiatan Car Free Day (CFD) akan dibuka pada Minggu (20/3/2022) di dua lokasi, yakni CFD Jalan Kertajaya dan CFD Jalan Kembang Jepun. Menurut dia, kegiatan ini dibuka seiring dengan menurunnya kasus aktif Covid-19 di Kota Surabaya. ""Serta banyaknya permintaan pembukaan taman kota, sebagai sarana edukasi pada sektor pendidikan. Saat ini, kami juga membuka taman sebagai tempat wisata atau rekreasi bagi keluarga,"" ucap Hebi. Tim Pemburu Pelanggar Protokol Kesehatan di tiap sudut kota Surabaya menangkap ratusan warga yang tidak memakai masker. Kemudian, bagi para pelanggar dikenakan sanksi berupa sidang di tempat dan denda sebesar Rp 50.000 agar tidak mengulangi lagi. * Fakta atau Hoaks? Untuk mengetahui kebenaran informasi yang beredar, silakan WhatsApp ke nomor Cek Fakta Liputan6.com 0811 9787 670 hanya dengan ketik kata kunci yang diinginkan. Meski demikian, ia mengaku bahwa Taman Bungkul, CFD Jalan Darmo dan CFD Jalan Tunjungan belum mendapatkan izin buka. Sebab, pihaknya masih menunggu persetujuan atau asesmen terkait pembukaan tiga lokasi tersebut. ""Kami masih koordinasi. Terdapat arahan untuk menunggu terlebih dahulu, nantinya jika ada persetujuan maka akan kita buka semuanya,"" ujar Hebi. * BACA BERITA TERKINI LAINNYA DI GOOGLE NEWS Advertisement Advertisement Advertisement Advertisement";https://surabaya.liputan6.com/read/4912683/kasus-covid-19-menurun-car-free-day-dan-taman-kota-di-surabaya-dibuka-lagi?page=all
436;33;"Laporan Wartawan Surya Sri Handi Lestari  TRIBUNNEWS.COM, SURABAYA - Sebanyak 30 seniman campursari dari berbagai daerah, tampil menghibur masyarakat di Taman Flora, Bratang, Surabaya, Minggu (30/3/2014).  Mereka bernyanyi menghibur pengunjung, sambil menggalang dana untuk mantan penyanyi campursari di Ngawi, Dwi Purwaningsih (32), yang hidup terpasung karena menderita gangguang jiwa. Para pengunjung Taman Flora, Bratang, terlihat terhibur dan menikmati penampilan seniman campursari itu.  Didukung Dinas Pariwisata Kota Surabaya dan UPTD Taman Flora, mereka tampil dengan formasi alat musik dan dandanan lengkap khas Campursari. Para penyanyi perempuan berkebaya dan para pemain musik tampil dengan tutup kepala udeng. Acara dimulai pukul 08.30 WIB hingga pukul 12.00 WIB itu, secara bergantian penyanyi tampil. Lagu-lagu yang sudah tren, seperti Ngadam Sari, Langit Mendung Khutha Ngawi, Ngimpi, Sripat Sripit, membuat para penonton antusias ikut menyanyi dan bahkan berjoget. Sedang lagu-lagu baru seperti, Oplosan, Nyidam Penthol, Pokoke Joged, Gadis Kalimantan, Jambu Alas, Cinta Tak Terpisahkan, dan Ojo Sujono, berhasil membuat para penonton ikut berinteraksi. ""Mas, mas, baleni neh Oplosane. Anakku pingin joget (Mas, mas ulangi lagi lagu Oplosan-nya, Anak saya ingin joget-red),"" kata salah satu penonton. MC acara, Mas Agus Bagong, kemudian meminta penyanyi dan pemain musik untuk mengulang. Dan pengunjung mulai dari anak-anak sampai orang dewasa pun ramai-ramai bergoyang.  Begitu juga para penyanyi lain yang menunggu giliran, mereka memilih untuk bergoyang. Seperti Devin Martha, Ika Setyawati, Novi Arista, Sholy Rifa'i, Margono, dan Bandono. ""Ayo mas, ikut joget,"" kata Devin yang tampil dengan kebaya warna hitam kombinasi emas. Di sela-sela acara, koordinator acara Mohammad Ikhsan, menjelaskan acara ini merupakan bentuk solidaritas untuk menggalang dana bagi sesama rekan penyanyi campursari yang kini hidup terpasung karena menderita gangguang jiwa di Ngawi. ""Kami kan bisanya menyanyi dan tampil, maka kami inginnya ngamen untuk menggalang dana ini,"" jelas Ikhsan. Tapi karena di taman-taman kota Surabaya tidak boleh ngamen, maka atas bantuan dari Dinas Pariwisata Kota Surabaya mereka diizinkan tampil di taman tapi akan dibayar. Dan bayarannya itu yang disumbangkan. ""Tapi ternyata teman-teman seniman Campursari banyak yang tampil dan memberi, atau istilahnya juga urunan untuk diberikan kepada Dwi ini,"" jelas warga Keputih ini. Lebih lanjut Ikhsan menyebutkan bila mereka sebenarnya ingin tampil untuk ngamen dan memberikan hasilnya kepada korban meletusnya Gunung Kelud.  Tapi, setelah membaca berita di Harian Surya (Tribunnews Network) tanggal 10 Maret 2014, tentang Dwi Purwaningsih (32) dan kakaknya, Eko Prasetyo (37), yang hidup terpasung di Ngawi, membuat mereka berpikir untuk memberikan dananya kepada keluarga Dwi. ""Nanti setelah ini, kami ada perwakilan yang akan berangkat ke Ngawi. Semoga bermanfaat dan bisa menolong mereka mendapatkan kesembuhan,"" tandas Ikhsan.";https://www.tribunnews.com/regional/2014/03/31/seniman-galang-dana-untuk-mantan-penyanyi-campursari-terpasung?page=all
